GAS LISTING /tmp/ccgVHAhg.s 			page 1


   1               		.file	"heartbeat.c"
   2               	__SP_H__ = 0x3e
   3               	__SP_L__ = 0x3d
   4               	__SREG__ = 0x3f
   5               	__tmp_reg__ = 0
   6               	__zero_reg__ = 1
   7               		.stabs	"/home/bernhard/Dropbox/r3/edid_spoofing_cable/avr-edid-spoofer/",100,0,2,.Ltext0
   8               		.stabs	"_commonCode_localized/heartbeat/1.21/heartbeat.c",100,0,2,.Ltext0
   9               		.text
  10               	.Ltext0:
  11               		.stabs	"gcc2_compiled.",60,0,0,0
  12               		.stabs	"int:t(0,1)=r(0,1);-32768;32767;",128,0,0,0
  13               		.stabs	"char:t(0,2)=@s8;r(0,2);0;255;",128,0,0,0
  14               		.stabs	"long int:t(0,3)=@s32;r(0,3);020000000000;017777777777;",128,0,0,0
  15               		.stabs	"unsigned int:t(0,4)=r(0,4);0;0177777;",128,0,0,0
  16               		.stabs	"long unsigned int:t(0,5)=@s32;r(0,5);0;037777777777;",128,0,0,0
  17               		.stabs	"__int128:t(0,6)=@s128;r(0,6);02000000000000000000000000000000000000000000;0177777777777777
  18               		.stabs	"__int128 unsigned:t(0,7)=@s128;r(0,7);0;03777777777777777777777777777777777777777777;",128
  19               		.stabs	"long long int:t(0,8)=@s64;r(0,8);01000000000000000000000;00777777777777777777777;",128,0,0
  20               		.stabs	"long long unsigned int:t(0,9)=@s64;r(0,9);0;01777777777777777777777;",128,0,0,0
  21               		.stabs	"short int:t(0,10)=r(0,10);-32768;32767;",128,0,0,0
  22               		.stabs	"short unsigned int:t(0,11)=r(0,11);0;0177777;",128,0,0,0
  23               		.stabs	"signed char:t(0,12)=@s8;r(0,12);-128;127;",128,0,0,0
  24               		.stabs	"unsigned char:t(0,13)=@s8;r(0,13);0;255;",128,0,0,0
  25               		.stabs	"float:t(0,14)=r(0,1);4;0;",128,0,0,0
  26               		.stabs	"double:t(0,15)=r(0,1);4;0;",128,0,0,0
  27               		.stabs	"long double:t(0,16)=r(0,1);4;0;",128,0,0,0
  28               		.stabs	"_Float32:t(0,17)=r(0,1);4;0;",128,0,0,0
  29               		.stabs	"short _Fract:t(0,18)=r(0,1);1;0;",128,0,0,0
  30               		.stabs	"_Fract:t(0,19)=r(0,1);2;0;",128,0,0,0
  31               		.stabs	"long _Fract:t(0,20)=r(0,1);4;0;",128,0,0,0
  32               		.stabs	"long long _Fract:t(0,21)=r(0,1);8;0;",128,0,0,0
  33               		.stabs	"unsigned short _Fract:t(0,22)=r(0,1);1;0;",128,0,0,0
  34               		.stabs	"unsigned _Fract:t(0,23)=r(0,1);2;0;",128,0,0,0
  35               		.stabs	"unsigned long _Fract:t(0,24)=r(0,1);4;0;",128,0,0,0
  36               		.stabs	"unsigned long long _Fract:t(0,25)=r(0,1);8;0;",128,0,0,0
  37               		.stabs	"_Sat short _Fract:t(0,26)=r(0,1);1;0;",128,0,0,0
  38               		.stabs	"_Sat _Fract:t(0,27)=r(0,1);2;0;",128,0,0,0
  39               		.stabs	"_Sat long _Fract:t(0,28)=r(0,1);4;0;",128,0,0,0
  40               		.stabs	"_Sat long long _Fract:t(0,29)=r(0,1);8;0;",128,0,0,0
  41               		.stabs	"_Sat unsigned short _Fract:t(0,30)=r(0,1);1;0;",128,0,0,0
  42               		.stabs	"_Sat unsigned _Fract:t(0,31)=r(0,1);2;0;",128,0,0,0
  43               		.stabs	"_Sat unsigned long _Fract:t(0,32)=r(0,1);4;0;",128,0,0,0
  44               		.stabs	"_Sat unsigned long long _Fract:t(0,33)=r(0,1);8;0;",128,0,0,0
  45               		.stabs	"short _Accum:t(0,34)=r(0,1);2;0;",128,0,0,0
  46               		.stabs	"_Accum:t(0,35)=r(0,1);4;0;",128,0,0,0
  47               		.stabs	"long _Accum:t(0,36)=r(0,1);8;0;",128,0,0,0
  48               		.stabs	"long long _Accum:t(0,37)=r(0,1);8;0;",128,0,0,0
  49               		.stabs	"unsigned short _Accum:t(0,38)=r(0,1);2;0;",128,0,0,0
  50               		.stabs	"unsigned _Accum:t(0,39)=r(0,1);4;0;",128,0,0,0
  51               		.stabs	"unsigned long _Accum:t(0,40)=r(0,1);8;0;",128,0,0,0
  52               		.stabs	"unsigned long long _Accum:t(0,41)=r(0,1);8;0;",128,0,0,0
  53               		.stabs	"_Sat short _Accum:t(0,42)=r(0,1);2;0;",128,0,0,0
  54               		.stabs	"_Sat _Accum:t(0,43)=r(0,1);4;0;",128,0,0,0
  55               		.stabs	"_Sat long _Accum:t(0,44)=r(0,1);8;0;",128,0,0,0
  56               		.stabs	"_Sat long long _Accum:t(0,45)=r(0,1);8;0;",128,0,0,0
  57               		.stabs	"_Sat unsigned short _Accum:t(0,46)=r(0,1);2;0;",128,0,0,0
GAS LISTING /tmp/ccgVHAhg.s 			page 2


  58               		.stabs	"_Sat unsigned _Accum:t(0,47)=r(0,1);4;0;",128,0,0,0
  59               		.stabs	"_Sat unsigned long _Accum:t(0,48)=r(0,1);8;0;",128,0,0,0
  60               		.stabs	"_Sat unsigned long long _Accum:t(0,49)=r(0,1);8;0;",128,0,0,0
  61               		.stabs	"void:t(0,50)=(0,50)",128,0,0,0
  62               		.stabs	"_commonCode_localized/heartbeat/1.21/heartbeat.h",130,0,0,0
  63               		.stabs	"/usr/lib/avr/include/avr/io.h",130,0,0,0
  64               		.stabs	"/usr/lib/avr/include/avr/sfr_defs.h",130,0,0,0
  65               		.stabs	"/usr/lib/avr/include/inttypes.h",130,0,0,0
  66               		.stabs	"/usr/lib/gcc/avr/7.3.0/include/stdint.h",130,0,0,0
  67               		.stabs	"/usr/lib/avr/include/stdint.h",130,0,0,0
  68               		.stabs	"int8_t:t(6,1)=(0,12)",128,0,125,0
  69               		.stabs	"uint8_t:t(6,2)=(0,13)",128,0,126,0
  70               		.stabs	"int16_t:t(6,3)=(0,1)",128,0,127,0
  71               		.stabs	"uint16_t:t(6,4)=(0,4)",128,0,128,0
  72               		.stabs	"int32_t:t(6,5)=(0,3)",128,0,129,0
  73               		.stabs	"uint32_t:t(6,6)=(0,5)",128,0,130,0
  74               		.stabs	"int64_t:t(6,7)=(0,8)",128,0,132,0
  75               		.stabs	"uint64_t:t(6,8)=(0,9)",128,0,133,0
  76               		.stabs	"intptr_t:t(6,9)=(6,3)",128,0,146,0
  77               		.stabs	"uintptr_t:t(6,10)=(6,4)",128,0,151,0
  78               		.stabs	"int_least8_t:t(6,11)=(6,1)",128,0,163,0
  79               		.stabs	"uint_least8_t:t(6,12)=(6,2)",128,0,168,0
  80               		.stabs	"int_least16_t:t(6,13)=(6,3)",128,0,173,0
  81               		.stabs	"uint_least16_t:t(6,14)=(6,4)",128,0,178,0
  82               		.stabs	"int_least32_t:t(6,15)=(6,5)",128,0,183,0
  83               		.stabs	"uint_least32_t:t(6,16)=(6,6)",128,0,188,0
  84               		.stabs	"int_least64_t:t(6,17)=(6,7)",128,0,196,0
  85               		.stabs	"uint_least64_t:t(6,18)=(6,8)",128,0,203,0
  86               		.stabs	"int_fast8_t:t(6,19)=(6,1)",128,0,217,0
  87               		.stabs	"uint_fast8_t:t(6,20)=(6,2)",128,0,222,0
  88               		.stabs	"int_fast16_t:t(6,21)=(6,3)",128,0,227,0
  89               		.stabs	"uint_fast16_t:t(6,22)=(6,4)",128,0,232,0
  90               		.stabs	"int_fast32_t:t(6,23)=(6,5)",128,0,237,0
  91               		.stabs	"uint_fast32_t:t(6,24)=(6,6)",128,0,242,0
  92               		.stabs	"int_fast64_t:t(6,25)=(6,7)",128,0,250,0
  93               		.stabs	"uint_fast64_t:t(6,26)=(6,8)",128,0,257,0
  94               		.stabs	"intmax_t:t(6,27)=(6,7)",128,0,277,0
  95               		.stabs	"uintmax_t:t(6,28)=(6,8)",128,0,282,0
  96               		.stabn	162,0,0,0
  97               		.stabn	162,0,0,0
  98               		.stabs	"int_farptr_t:t(4,1)=(6,5)",128,0,77,0
  99               		.stabs	"uint_farptr_t:t(4,2)=(6,6)",128,0,81,0
 100               		.stabn	162,0,0,0
 101               		.stabn	162,0,0,0
 102               		.stabs	"/usr/lib/avr/include/avr/fuse.h",130,0,0,0
 103               		.stabs	"__fuse_t:t(7,1)=(7,2)=s3low:(0,13),0,8;high:(0,13),8,8;extended:(0,13),16,8;;",128,0,244,0
 104               		.stabn	162,0,0,0
 105               		.stabn	162,0,0,0
 106               		.stabs	"./_commonCode_localized/hfModulation/1.00/hfModulation.h",130,0,0,0
 107               		.stabs	"hfm_t:t(8,1)=(8,2)=B(8,3)=s4desiredSum:(6,3),0,16;maxPower:(6,2),16,8;power:(6,2),24,8;;",
 108               		.stabn	162,0,0,0
 109               		.stabs	"./_commonCode_localized/dmsTimer/1.13/dmsTimer.h",130,0,0,0
 110               		.stabs	"dms6sec_t:t(9,1)=(6,4)",128,0,81,0
 111               		.stabs	"dms4day_t:t(9,2)=(6,6)",128,0,83,0
 112               		.stabs	"dmsMax_t:t(9,3)=(6,6)",128,0,84,0
 113               		.stabn	162,0,0,0
 114               		.stabn	162,0,0,0
GAS LISTING /tmp/ccgVHAhg.s 			page 3


 115               		.stabs	"setHeartRate:F(0,50)",36,0,46,setHeartRate
 116               		.stabs	"rate:P(6,2)",64,0,46,24
 117               	.global	setHeartRate
 118               		.type	setHeartRate, @function
 119               	setHeartRate:
 120               		.stabd	46,0,0
   1:_commonCode_localized/heartbeat/1.21/heartbeat.c **** //heartbeat 1.20
   2:_commonCode_localized/heartbeat/1.21/heartbeat.c **** #include "heartbeat.h"
   3:_commonCode_localized/heartbeat/1.21/heartbeat.c **** 
   4:_commonCode_localized/heartbeat/1.21/heartbeat.c **** 
   5:_commonCode_localized/heartbeat/1.21/heartbeat.c **** //100% = 255, 0% = 0...
   6:_commonCode_localized/heartbeat/1.21/heartbeat.c **** //volatile uint8_t  newDesired = 0;
   7:_commonCode_localized/heartbeat/1.21/heartbeat.c **** 
   8:_commonCode_localized/heartbeat/1.21/heartbeat.c **** //Could be uint8 for dms and uint16 for nondms
   9:_commonCode_localized/heartbeat/1.21/heartbeat.c **** uint16_t heartStepTime = HEARTSTEPTIME;
  10:_commonCode_localized/heartbeat/1.21/heartbeat.c **** 
  11:_commonCode_localized/heartbeat/1.21/heartbeat.c **** 
  12:_commonCode_localized/heartbeat/1.21/heartbeat.c **** //volatile uint8_t  heartSet = HEARTDONTSET;
  13:_commonCode_localized/heartbeat/1.21/heartbeat.c **** 
  14:_commonCode_localized/heartbeat/1.21/heartbeat.c **** #if (!defined(HEARTPIN_HARDCODED) || !HEARTPIN_HARDCODED)
  15:_commonCode_localized/heartbeat/1.21/heartbeat.c **** //#define LED_DIRECT_HIGH
  16:_commonCode_localized/heartbeat/1.21/heartbeat.c **** //#define LED_INVERTED
  17:_commonCode_localized/heartbeat/1.21/heartbeat.c **** uint8_t ledConnection;
  18:_commonCode_localized/heartbeat/1.21/heartbeat.c **** 
  19:_commonCode_localized/heartbeat/1.21/heartbeat.c **** volatile uint8_t*	heartPIN;
  20:_commonCode_localized/heartbeat/1.21/heartbeat.c **** uint8_t heartBeatPin;
  21:_commonCode_localized/heartbeat/1.21/heartbeat.c **** #endif
  22:_commonCode_localized/heartbeat/1.21/heartbeat.c **** 
  23:_commonCode_localized/heartbeat/1.21/heartbeat.c **** //shift the update-period by heartRate to increase the rate
  24:_commonCode_localized/heartbeat/1.21/heartbeat.c **** // this is a right-shift for calculation efficiency
  25:_commonCode_localized/heartbeat/1.21/heartbeat.c **** // so rates are 0, 1, 2, 3 -> PERIOD, PERIOD/2, PERIOD/4, PERIOD/8...
  26:_commonCode_localized/heartbeat/1.21/heartbeat.c **** //uint8_t heartRate = 0;
  27:_commonCode_localized/heartbeat/1.21/heartbeat.c **** 
  28:_commonCode_localized/heartbeat/1.21/heartbeat.c **** hfm_t heartModulator;
  29:_commonCode_localized/heartbeat/1.21/heartbeat.c **** 
  30:_commonCode_localized/heartbeat/1.21/heartbeat.c **** /*
  31:_commonCode_localized/heartbeat/1.21/heartbeat.c **** void heartMode(uint8_t mode)
  32:_commonCode_localized/heartbeat/1.21/heartbeat.c **** {
  33:_commonCode_localized/heartbeat/1.21/heartbeat.c **** 	switch(mode)
  34:_commonCode_localized/heartbeat/1.21/heartbeat.c **** 	{
  35:_commonCode_localized/heartbeat/1.21/heartbeat.c **** 		case HEART_2X:
  36:_commonCode_localized/heartbeat/1.21/heartbeat.c **** 			heartRate = 1;
  37:_commonCode_localized/heartbeat/1.21/heartbeat.c **** 			break;
  38:_commonCode_localized/heartbeat/1.21/heartbeat.c **** 		case HEART_4X:
  39:_commonCode_localized/heartbeat/1.21/heartbeat.c **** 			heartRate 
  40:_commonCode_localized/heartbeat/1.21/heartbeat.c **** 	
  41:_commonCode_localized/heartbeat/1.21/heartbeat.c **** 	}
  42:_commonCode_localized/heartbeat/1.21/heartbeat.c **** 	heartSet = mode;
  43:_commonCode_localized/heartbeat/1.21/heartbeat.c **** }
  44:_commonCode_localized/heartbeat/1.21/heartbeat.c **** */
  45:_commonCode_localized/heartbeat/1.21/heartbeat.c **** 
  46:_commonCode_localized/heartbeat/1.21/heartbeat.c **** void setHeartRate(uint8_t rate)
  47:_commonCode_localized/heartbeat/1.21/heartbeat.c **** {
 121               		.stabn	68,0,47,.LM0-.LFBB1
 122               	.LM0:
 123               	.LFBB1:
 124               	/* prologue: function */
GAS LISTING /tmp/ccgVHAhg.s 			page 4


 125               	/* frame size = 0 */
 126               	/* stack size = 0 */
 127               	.L__stack_usage = 0
  48:_commonCode_localized/heartbeat/1.21/heartbeat.c **** //	heartRate = rate;
  49:_commonCode_localized/heartbeat/1.21/heartbeat.c **** 	
  50:_commonCode_localized/heartbeat/1.21/heartbeat.c **** 	if(rate == 0)
 128               		.stabn	68,0,50,.LM1-.LFBB1
 129               	.LM1:
 130 0000 8111      		cpse r24,__zero_reg__
 131 0002 00C0      		rjmp .L2
  51:_commonCode_localized/heartbeat/1.21/heartbeat.c **** 		rate = 1;
 132               		.stabn	68,0,51,.LM2-.LFBB1
 133               	.LM2:
 134 0004 81E0      		ldi r24,lo8(1)
 135               	.L2:
  52:_commonCode_localized/heartbeat/1.21/heartbeat.c **** 		
  53:_commonCode_localized/heartbeat/1.21/heartbeat.c **** 	#if (_HEART_DMS_)
  54:_commonCode_localized/heartbeat/1.21/heartbeat.c **** 
  55:_commonCode_localized/heartbeat/1.21/heartbeat.c **** #warning "Relevant Everywhere: dms6sec_t used in heartbeat, yet a full cycle is 8 seconds, and neve
  56:_commonCode_localized/heartbeat/1.21/heartbeat.c ****     heartStepTime = (HEARTSTEPTIME/rate);
 136               		.stabn	68,0,56,.LM3-.LFBB1
 137               	.LM3:
 138 0006 682F      		mov r22,r24
 139 0008 70E0      		ldi r23,0
 140 000a 8CE9      		ldi r24,lo8(-100)
 141 000c 90E0      		ldi r25,0
 142 000e 00D0      		rcall __divmodhi4
 143 0010 7093 0000 		sts heartStepTime+1,r23
 144 0014 6093 0000 		sts heartStepTime,r22
 145               	/* epilogue start */
  57:_commonCode_localized/heartbeat/1.21/heartbeat.c **** 	#else
  58:_commonCode_localized/heartbeat/1.21/heartbeat.c **** 	 heartStepTime = (HEART_ITERATIONCOUNT/rate);
  59:_commonCode_localized/heartbeat/1.21/heartbeat.c **** 	#endif
  60:_commonCode_localized/heartbeat/1.21/heartbeat.c **** }
 146               		.stabn	68,0,60,.LM4-.LFBB1
 147               	.LM4:
 148 0018 0895      		ret
 149               		.size	setHeartRate, .-setHeartRate
 150               	.Lscope1:
 151               		.stabs	"",36,0,0,.Lscope1-.LFBB1
 152               		.stabd	78,0,0
 153               		.stabs	"getHeartRate:F(6,2)",36,0,63,getHeartRate
 154               	.global	getHeartRate
 155               		.type	getHeartRate, @function
 156               	getHeartRate:
 157               		.stabd	46,0,0
  61:_commonCode_localized/heartbeat/1.21/heartbeat.c **** 
  62:_commonCode_localized/heartbeat/1.21/heartbeat.c **** #if (!defined(HEART_GETRATE_UNUSED) || !HEART_GETRATE_UNUSED)
  63:_commonCode_localized/heartbeat/1.21/heartbeat.c **** uint8_t getHeartRate(void)
  64:_commonCode_localized/heartbeat/1.21/heartbeat.c **** {
 158               		.stabn	68,0,64,.LM5-.LFBB2
 159               	.LM5:
 160               	.LFBB2:
 161               	/* prologue: function */
 162               	/* frame size = 0 */
 163               	/* stack size = 0 */
 164               	.L__stack_usage = 0
GAS LISTING /tmp/ccgVHAhg.s 			page 5


  65:_commonCode_localized/heartbeat/1.21/heartbeat.c **** 	#if (_HEART_DMS_)
  66:_commonCode_localized/heartbeat/1.21/heartbeat.c **** 	 return HEARTSTEPTIME/heartStepTime;
 165               		.stabn	68,0,66,.LM6-.LFBB2
 166               	.LM6:
 167 001a 6091 0000 		lds r22,heartStepTime
 168 001e 7091 0000 		lds r23,heartStepTime+1
 169 0022 8CE9      		ldi r24,lo8(-100)
 170 0024 90E0      		ldi r25,0
 171 0026 00D0      		rcall __udivmodhi4
 172 0028 862F      		mov r24,r22
 173               	/* epilogue start */
  67:_commonCode_localized/heartbeat/1.21/heartbeat.c **** 	#else
  68:_commonCode_localized/heartbeat/1.21/heartbeat.c **** 	 return HEART_ITERATIONCOUNT/heartStepTime;
  69:_commonCode_localized/heartbeat/1.21/heartbeat.c **** 	#endif
  70:_commonCode_localized/heartbeat/1.21/heartbeat.c **** }
 174               		.stabn	68,0,70,.LM7-.LFBB2
 175               	.LM7:
 176 002a 0895      		ret
 177               		.size	getHeartRate, .-getHeartRate
 178               	.Lscope2:
 179               		.stabs	"",36,0,0,.Lscope2-.LFBB2
 180               		.stabd	78,0,0
 181               		.stabs	"heartClear:F(0,50)",36,0,80,heartClear
 182               	.global	heartClear
 183               		.type	heartClear, @function
 184               	heartClear:
 185               		.stabd	46,0,0
  71:_commonCode_localized/heartbeat/1.21/heartbeat.c **** #endif
  72:_commonCode_localized/heartbeat/1.21/heartbeat.c **** 
  73:_commonCode_localized/heartbeat/1.21/heartbeat.c **** #if (!defined(DMS_WAITFN_UNUSED) || !DMS_WAITFN_UNUSED)
  74:_commonCode_localized/heartbeat/1.21/heartbeat.c **** void heartupdate(void)
  75:_commonCode_localized/heartbeat/1.21/heartbeat.c **** {
  76:_commonCode_localized/heartbeat/1.21/heartbeat.c **** 	heartUpdate();
  77:_commonCode_localized/heartbeat/1.21/heartbeat.c **** }
  78:_commonCode_localized/heartbeat/1.21/heartbeat.c **** #endif
  79:_commonCode_localized/heartbeat/1.21/heartbeat.c **** 
  80:_commonCode_localized/heartbeat/1.21/heartbeat.c **** void heartClear(void)
  81:_commonCode_localized/heartbeat/1.21/heartbeat.c **** {
 186               		.stabn	68,0,81,.LM8-.LFBB3
 187               	.LM8:
 188               	.LFBB3:
 189               	/* prologue: function */
 190               	/* frame size = 0 */
 191               	/* stack size = 0 */
 192               	.L__stack_usage = 0
  82:_commonCode_localized/heartbeat/1.21/heartbeat.c **** 	hfm_setPower(&heartModulator, 0);
 193               		.stabn	68,0,82,.LM9-.LFBB3
 194               	.LM9:
 195 002c 60E0      		ldi r22,0
 196 002e 80E0      		ldi r24,lo8(heartModulator)
 197 0030 90E0      		ldi r25,hi8(heartModulator)
 198 0032 00C0      		rjmp hfm_setPower
 199               		.size	heartClear, .-heartClear
 200               	.Lscope3:
 201               		.stabs	"",36,0,0,.Lscope3-.LFBB3
 202               		.stabd	78,0,0
 203               		.stabs	"init_heartBeat:F(0,50)",36,0,115,init_heartBeat
GAS LISTING /tmp/ccgVHAhg.s 			page 6


 204               	.global	init_heartBeat
 205               		.type	init_heartBeat, @function
 206               	init_heartBeat:
 207               		.stabd	46,0,0
  83:_commonCode_localized/heartbeat/1.21/heartbeat.c **** }
  84:_commonCode_localized/heartbeat/1.21/heartbeat.c **** 
  85:_commonCode_localized/heartbeat/1.21/heartbeat.c **** 
  86:_commonCode_localized/heartbeat/1.21/heartbeat.c **** #if (!defined(HEARTPIN_HARDCODED) || !HEARTPIN_HARDCODED)
  87:_commonCode_localized/heartbeat/1.21/heartbeat.c **** //THIS USES THE WDT NOW!
  88:_commonCode_localized/heartbeat/1.21/heartbeat.c **** // AFTER init_heartBeat, the wdt must be reset often enough!!! this can be accomplished via heartUp
  89:_commonCode_localized/heartbeat/1.21/heartbeat.c **** void init_heartBeat(volatile uint8_t* pin, uint8_t pinName, uint8_t ledConnectionType)
  90:_commonCode_localized/heartbeat/1.21/heartbeat.c **** {
  91:_commonCode_localized/heartbeat/1.21/heartbeat.c **** 
  92:_commonCode_localized/heartbeat/1.21/heartbeat.c **** 	// IF the reset occurred, the WDTimer is reset to 16ms!
  93:_commonCode_localized/heartbeat/1.21/heartbeat.c **** 	// IF wdt_reset() isn't called before then, it will get stuck resetting!
  94:_commonCode_localized/heartbeat/1.21/heartbeat.c **** 	//!!!! This can happen even if the WDT is NEVER ENABLED
  95:_commonCode_localized/heartbeat/1.21/heartbeat.c **** 	// esp. if the bit is set during a brown-out...
  96:_commonCode_localized/heartbeat/1.21/heartbeat.c **** 	wdt_reset();
  97:_commonCode_localized/heartbeat/1.21/heartbeat.c **** 	// So also disable it (and reenable it if we want it)
  98:_commonCode_localized/heartbeat/1.21/heartbeat.c **** 	wdt_disable();
  99:_commonCode_localized/heartbeat/1.21/heartbeat.c **** 
 100:_commonCode_localized/heartbeat/1.21/heartbeat.c **** //	heartDDR = ddr;
 101:_commonCode_localized/heartbeat/1.21/heartbeat.c **** 	heartPIN = pin;
 102:_commonCode_localized/heartbeat/1.21/heartbeat.c **** 	heartBeatPin = pinName;
 103:_commonCode_localized/heartbeat/1.21/heartbeat.c **** 	ledConnection = ledConnectionType;
 104:_commonCode_localized/heartbeat/1.21/heartbeat.c **** 
 105:_commonCode_localized/heartbeat/1.21/heartbeat.c **** //	setoutVar(heartBeatPin, heartPIN);
 106:_commonCode_localized/heartbeat/1.21/heartbeat.c **** //	setout(PD6, DDRD);
 107:_commonCode_localized/heartbeat/1.21/heartbeat.c **** 
 108:_commonCode_localized/heartbeat/1.21/heartbeat.c **** 	//Set the port first, so there's not a short 
 109:_commonCode_localized/heartbeat/1.21/heartbeat.c **** 	//(there may be an instant of floating on the input of an inverter)
 110:_commonCode_localized/heartbeat/1.21/heartbeat.c **** 	//PORT = L
 111:_commonCode_localized/heartbeat/1.21/heartbeat.c **** 	clrpinVar(heartBeatPin, heartPIN);
 112:_commonCode_localized/heartbeat/1.21/heartbeat.c **** 	//DDR = H,out
 113:_commonCode_localized/heartbeat/1.21/heartbeat.c **** 	setoutVar(heartBeatPin, heartPIN);
 114:_commonCode_localized/heartbeat/1.21/heartbeat.c **** #else
 115:_commonCode_localized/heartbeat/1.21/heartbeat.c **** void init_heartBeat(void)
 116:_commonCode_localized/heartbeat/1.21/heartbeat.c **** {
 208               		.stabn	68,0,116,.LM10-.LFBB4
 209               	.LM10:
 210               	.LFBB4:
 211               	/* prologue: function */
 212               	/* frame size = 0 */
 213               	/* stack size = 0 */
 214               	.L__stack_usage = 0
 117:_commonCode_localized/heartbeat/1.21/heartbeat.c **** 	wdt_reset();
 215               		.stabn	68,0,117,.LM11-.LFBB4
 216               	.LM11:
 217               	/* #APP */
 218               	 ;  117 "_commonCode_localized/heartbeat/1.21/heartbeat.c" 1
 219 0034 A895      		wdr
 220               	 ;  0 "" 2
 221               	/* #NOAPP */
 222               	.LBB14:
 223               	.LBB15:
 224               		.stabs	"/usr/lib/avr/include/avr/wdt.h",132,0,0,.Ltext1
 225               	.Ltext1:
GAS LISTING /tmp/ccgVHAhg.s 			page 7


   1:/usr/lib/avr/include/avr/wdt.h **** /* Copyright (c) 2002, 2004 Marek Michalkiewicz
   2:/usr/lib/avr/include/avr/wdt.h ****    Copyright (c) 2005, 2006, 2007 Eric B. Weddington
   3:/usr/lib/avr/include/avr/wdt.h ****    All rights reserved.
   4:/usr/lib/avr/include/avr/wdt.h **** 
   5:/usr/lib/avr/include/avr/wdt.h ****    Redistribution and use in source and binary forms, with or without
   6:/usr/lib/avr/include/avr/wdt.h ****    modification, are permitted provided that the following conditions are met:
   7:/usr/lib/avr/include/avr/wdt.h **** 
   8:/usr/lib/avr/include/avr/wdt.h ****    * Redistributions of source code must retain the above copyright
   9:/usr/lib/avr/include/avr/wdt.h ****      notice, this list of conditions and the following disclaimer.
  10:/usr/lib/avr/include/avr/wdt.h **** 
  11:/usr/lib/avr/include/avr/wdt.h ****    * Redistributions in binary form must reproduce the above copyright
  12:/usr/lib/avr/include/avr/wdt.h ****      notice, this list of conditions and the following disclaimer in
  13:/usr/lib/avr/include/avr/wdt.h ****      the documentation and/or other materials provided with the
  14:/usr/lib/avr/include/avr/wdt.h ****      distribution.
  15:/usr/lib/avr/include/avr/wdt.h **** 
  16:/usr/lib/avr/include/avr/wdt.h ****    * Neither the name of the copyright holders nor the names of
  17:/usr/lib/avr/include/avr/wdt.h ****      contributors may be used to endorse or promote products derived
  18:/usr/lib/avr/include/avr/wdt.h ****      from this software without specific prior written permission.
  19:/usr/lib/avr/include/avr/wdt.h **** 
  20:/usr/lib/avr/include/avr/wdt.h ****   THIS SOFTWARE IS PROVIDED BY THE COPYRIGHT HOLDERS AND CONTRIBUTORS "AS IS"
  21:/usr/lib/avr/include/avr/wdt.h ****   AND ANY EXPRESS OR IMPLIED WARRANTIES, INCLUDING, BUT NOT LIMITED TO, THE
  22:/usr/lib/avr/include/avr/wdt.h ****   IMPLIED WARRANTIES OF MERCHANTABILITY AND FITNESS FOR A PARTICULAR PURPOSE
  23:/usr/lib/avr/include/avr/wdt.h ****   ARE DISCLAIMED. IN NO EVENT SHALL THE COPYRIGHT OWNER OR CONTRIBUTORS BE
  24:/usr/lib/avr/include/avr/wdt.h ****   LIABLE FOR ANY DIRECT, INDIRECT, INCIDENTAL, SPECIAL, EXEMPLARY, OR
  25:/usr/lib/avr/include/avr/wdt.h ****   CONSEQUENTIAL DAMAGES (INCLUDING, BUT NOT LIMITED TO, PROCUREMENT OF
  26:/usr/lib/avr/include/avr/wdt.h ****   SUBSTITUTE GOODS OR SERVICES; LOSS OF USE, DATA, OR PROFITS; OR BUSINESS
  27:/usr/lib/avr/include/avr/wdt.h ****   INTERRUPTION) HOWEVER CAUSED AND ON ANY THEORY OF LIABILITY, WHETHER IN
  28:/usr/lib/avr/include/avr/wdt.h ****   CONTRACT, STRICT LIABILITY, OR TORT (INCLUDING NEGLIGENCE OR OTHERWISE)
  29:/usr/lib/avr/include/avr/wdt.h ****   ARISING IN ANY WAY OUT OF THE USE OF THIS SOFTWARE, EVEN IF ADVISED OF THE
  30:/usr/lib/avr/include/avr/wdt.h ****   POSSIBILITY OF SUCH DAMAGE. */
  31:/usr/lib/avr/include/avr/wdt.h **** 
  32:/usr/lib/avr/include/avr/wdt.h **** /* $Id$ */
  33:/usr/lib/avr/include/avr/wdt.h **** 
  34:/usr/lib/avr/include/avr/wdt.h **** /*
  35:/usr/lib/avr/include/avr/wdt.h ****    avr/wdt.h - macros for AVR watchdog timer
  36:/usr/lib/avr/include/avr/wdt.h ****  */
  37:/usr/lib/avr/include/avr/wdt.h **** 
  38:/usr/lib/avr/include/avr/wdt.h **** #ifndef _AVR_WDT_H_
  39:/usr/lib/avr/include/avr/wdt.h **** #define _AVR_WDT_H_
  40:/usr/lib/avr/include/avr/wdt.h **** 
  41:/usr/lib/avr/include/avr/wdt.h **** #include <avr/io.h>
  42:/usr/lib/avr/include/avr/wdt.h **** #include <stdint.h>
  43:/usr/lib/avr/include/avr/wdt.h **** 
  44:/usr/lib/avr/include/avr/wdt.h **** /** \file */
  45:/usr/lib/avr/include/avr/wdt.h **** /** \defgroup avr_watchdog <avr/wdt.h>: Watchdog timer handling
  46:/usr/lib/avr/include/avr/wdt.h ****     \code #include <avr/wdt.h> \endcode
  47:/usr/lib/avr/include/avr/wdt.h **** 
  48:/usr/lib/avr/include/avr/wdt.h ****     This header file declares the interface to some inline macros
  49:/usr/lib/avr/include/avr/wdt.h ****     handling the watchdog timer present in many AVR devices.  In order
  50:/usr/lib/avr/include/avr/wdt.h ****     to prevent the watchdog timer configuration from being
  51:/usr/lib/avr/include/avr/wdt.h ****     accidentally altered by a crashing application, a special timed
  52:/usr/lib/avr/include/avr/wdt.h ****     sequence is required in order to change it.  The macros within
  53:/usr/lib/avr/include/avr/wdt.h ****     this header file handle the required sequence automatically
  54:/usr/lib/avr/include/avr/wdt.h ****     before changing any value.  Interrupts will be disabled during
  55:/usr/lib/avr/include/avr/wdt.h ****     the manipulation.
  56:/usr/lib/avr/include/avr/wdt.h **** 
  57:/usr/lib/avr/include/avr/wdt.h ****     \note Depending on the fuse configuration of the particular
GAS LISTING /tmp/ccgVHAhg.s 			page 8


  58:/usr/lib/avr/include/avr/wdt.h ****     device, further restrictions might apply, in particular it might
  59:/usr/lib/avr/include/avr/wdt.h ****     be disallowed to turn off the watchdog timer.
  60:/usr/lib/avr/include/avr/wdt.h **** 
  61:/usr/lib/avr/include/avr/wdt.h ****     Note that for newer devices (ATmega88 and newer, effectively any
  62:/usr/lib/avr/include/avr/wdt.h ****     AVR that has the option to also generate interrupts), the watchdog
  63:/usr/lib/avr/include/avr/wdt.h ****     timer remains active even after a system reset (except a power-on
  64:/usr/lib/avr/include/avr/wdt.h ****     condition), using the fastest prescaler value (approximately 15
  65:/usr/lib/avr/include/avr/wdt.h ****     ms).  It is therefore required to turn off the watchdog early
  66:/usr/lib/avr/include/avr/wdt.h ****     during program startup, the datasheet recommends a sequence like
  67:/usr/lib/avr/include/avr/wdt.h ****     the following:
  68:/usr/lib/avr/include/avr/wdt.h **** 
  69:/usr/lib/avr/include/avr/wdt.h ****     \code
  70:/usr/lib/avr/include/avr/wdt.h ****     #include <stdint.h>
  71:/usr/lib/avr/include/avr/wdt.h ****     #include <avr/wdt.h>
  72:/usr/lib/avr/include/avr/wdt.h **** 
  73:/usr/lib/avr/include/avr/wdt.h ****     uint8_t mcusr_mirror __attribute__ ((section (".noinit")));
  74:/usr/lib/avr/include/avr/wdt.h **** 
  75:/usr/lib/avr/include/avr/wdt.h ****     void get_mcusr(void) \
  76:/usr/lib/avr/include/avr/wdt.h ****       __attribute__((naked)) \
  77:/usr/lib/avr/include/avr/wdt.h ****       __attribute__((section(".init3")));
  78:/usr/lib/avr/include/avr/wdt.h ****     void get_mcusr(void)
  79:/usr/lib/avr/include/avr/wdt.h ****     {
  80:/usr/lib/avr/include/avr/wdt.h ****       mcusr_mirror = MCUSR;
  81:/usr/lib/avr/include/avr/wdt.h ****       MCUSR = 0;
  82:/usr/lib/avr/include/avr/wdt.h ****       wdt_disable();
  83:/usr/lib/avr/include/avr/wdt.h ****     }
  84:/usr/lib/avr/include/avr/wdt.h ****     \endcode
  85:/usr/lib/avr/include/avr/wdt.h **** 
  86:/usr/lib/avr/include/avr/wdt.h ****     Saving the value of MCUSR in \c mcusr_mirror is only needed if the
  87:/usr/lib/avr/include/avr/wdt.h ****     application later wants to examine the reset source, but in particular, 
  88:/usr/lib/avr/include/avr/wdt.h ****     clearing the watchdog reset flag before disabling the
  89:/usr/lib/avr/include/avr/wdt.h ****     watchdog is required, according to the datasheet.
  90:/usr/lib/avr/include/avr/wdt.h **** */
  91:/usr/lib/avr/include/avr/wdt.h **** 
  92:/usr/lib/avr/include/avr/wdt.h **** /**
  93:/usr/lib/avr/include/avr/wdt.h ****    \ingroup avr_watchdog
  94:/usr/lib/avr/include/avr/wdt.h ****    Reset the watchdog timer.  When the watchdog timer is enabled,
  95:/usr/lib/avr/include/avr/wdt.h ****    a call to this instruction is required before the timer expires,
  96:/usr/lib/avr/include/avr/wdt.h ****    otherwise a watchdog-initiated device reset will occur. 
  97:/usr/lib/avr/include/avr/wdt.h **** */
  98:/usr/lib/avr/include/avr/wdt.h **** 
  99:/usr/lib/avr/include/avr/wdt.h **** #define wdt_reset() __asm__ __volatile__ ("wdr")
 100:/usr/lib/avr/include/avr/wdt.h **** 
 101:/usr/lib/avr/include/avr/wdt.h **** #ifndef __DOXYGEN__
 102:/usr/lib/avr/include/avr/wdt.h **** 
 103:/usr/lib/avr/include/avr/wdt.h **** #if defined(WDP3)
 104:/usr/lib/avr/include/avr/wdt.h **** # define _WD_PS3_MASK       _BV(WDP3)
 105:/usr/lib/avr/include/avr/wdt.h **** #else
 106:/usr/lib/avr/include/avr/wdt.h **** # define _WD_PS3_MASK       0x00
 107:/usr/lib/avr/include/avr/wdt.h **** #endif
 108:/usr/lib/avr/include/avr/wdt.h **** 
 109:/usr/lib/avr/include/avr/wdt.h **** #if defined(WDTCSR)
 110:/usr/lib/avr/include/avr/wdt.h **** #  define _WD_CONTROL_REG     WDTCSR
 111:/usr/lib/avr/include/avr/wdt.h **** #elif defined(WDTCR)
 112:/usr/lib/avr/include/avr/wdt.h **** #  define _WD_CONTROL_REG     WDTCR
 113:/usr/lib/avr/include/avr/wdt.h **** #else
 114:/usr/lib/avr/include/avr/wdt.h **** #  define _WD_CONTROL_REG     WDT
GAS LISTING /tmp/ccgVHAhg.s 			page 9


 115:/usr/lib/avr/include/avr/wdt.h **** #endif
 116:/usr/lib/avr/include/avr/wdt.h **** 
 117:/usr/lib/avr/include/avr/wdt.h **** #if defined(WDTOE)
 118:/usr/lib/avr/include/avr/wdt.h **** #define _WD_CHANGE_BIT      WDTOE
 119:/usr/lib/avr/include/avr/wdt.h **** #else
 120:/usr/lib/avr/include/avr/wdt.h **** #define _WD_CHANGE_BIT      WDCE
 121:/usr/lib/avr/include/avr/wdt.h **** #endif
 122:/usr/lib/avr/include/avr/wdt.h **** 
 123:/usr/lib/avr/include/avr/wdt.h **** #endif	/* !__DOXYGEN__ */
 124:/usr/lib/avr/include/avr/wdt.h **** 
 125:/usr/lib/avr/include/avr/wdt.h **** 
 126:/usr/lib/avr/include/avr/wdt.h **** /**
 127:/usr/lib/avr/include/avr/wdt.h ****    \ingroup avr_watchdog
 128:/usr/lib/avr/include/avr/wdt.h ****    Enable the watchdog timer, configuring it for expiry after
 129:/usr/lib/avr/include/avr/wdt.h ****    \c timeout (which is a combination of the \c WDP0 through
 130:/usr/lib/avr/include/avr/wdt.h ****    \c WDP2 bits to write into the \c WDTCR register; For those devices 
 131:/usr/lib/avr/include/avr/wdt.h ****    that have a \c WDTCSR register, it uses the combination of the \c WDP0 
 132:/usr/lib/avr/include/avr/wdt.h ****    through \c WDP3 bits).
 133:/usr/lib/avr/include/avr/wdt.h **** 
 134:/usr/lib/avr/include/avr/wdt.h ****    See also the symbolic constants \c WDTO_15MS et al.
 135:/usr/lib/avr/include/avr/wdt.h **** */
 136:/usr/lib/avr/include/avr/wdt.h **** 
 137:/usr/lib/avr/include/avr/wdt.h **** 
 138:/usr/lib/avr/include/avr/wdt.h **** #if defined(__AVR_XMEGA__)
 139:/usr/lib/avr/include/avr/wdt.h **** 
 140:/usr/lib/avr/include/avr/wdt.h **** #if defined (WDT_CTRLA) && !defined(RAMPD)
 141:/usr/lib/avr/include/avr/wdt.h **** 
 142:/usr/lib/avr/include/avr/wdt.h **** #define wdt_enable(timeout) \
 143:/usr/lib/avr/include/avr/wdt.h **** do { \
 144:/usr/lib/avr/include/avr/wdt.h **** uint8_t temp; \
 145:/usr/lib/avr/include/avr/wdt.h **** __asm__ __volatile__ ( \
 146:/usr/lib/avr/include/avr/wdt.h **** 	"wdr"									"\n\t" \
 147:/usr/lib/avr/include/avr/wdt.h **** 	"out %[ccp_reg], %[ioreg_cen_mask]"		"\n\t" \
 148:/usr/lib/avr/include/avr/wdt.h **** 	"lds %[tmp], %[wdt_reg]"				"\n\t" \
 149:/usr/lib/avr/include/avr/wdt.h **** 	"sbr %[tmp], %[wdt_enable_timeout]"		"\n\t" \
 150:/usr/lib/avr/include/avr/wdt.h **** 	"sts %[wdt_reg], %[tmp]"				"\n\t" \
 151:/usr/lib/avr/include/avr/wdt.h **** 	"1:lds %[tmp], %[wdt_status_reg]"		"\n\t" \
 152:/usr/lib/avr/include/avr/wdt.h **** 	"sbrc %[tmp], %[wdt_syncbusy_bit]"		"\n\t" \
 153:/usr/lib/avr/include/avr/wdt.h **** 	"rjmp 1b"								"\n\t" \
 154:/usr/lib/avr/include/avr/wdt.h **** 	: [tmp]					"=r" (temp) \
 155:/usr/lib/avr/include/avr/wdt.h **** 	: [ccp_reg]				"I"  (_SFR_IO_ADDR(CCP)), \
 156:/usr/lib/avr/include/avr/wdt.h **** 	  [ioreg_cen_mask]		"r"  ((uint8_t)CCP_IOREG_gc), \
 157:/usr/lib/avr/include/avr/wdt.h **** 	  [wdt_reg]				"n"  (_SFR_MEM_ADDR(WDT_CTRLA)), \
 158:/usr/lib/avr/include/avr/wdt.h **** 	  [wdt_enable_timeout]	"M"  (timeout), \
 159:/usr/lib/avr/include/avr/wdt.h **** 	  [wdt_status_reg]		"n"  (_SFR_MEM_ADDR(WDT_STATUS)), \
 160:/usr/lib/avr/include/avr/wdt.h **** 	  [wdt_syncbusy_bit]	"I"  (WDT_SYNCBUSY_bm) \
 161:/usr/lib/avr/include/avr/wdt.h **** ); \
 162:/usr/lib/avr/include/avr/wdt.h **** } while(0)
 163:/usr/lib/avr/include/avr/wdt.h **** 
 164:/usr/lib/avr/include/avr/wdt.h **** #define wdt_disable() \
 165:/usr/lib/avr/include/avr/wdt.h **** do { \
 166:/usr/lib/avr/include/avr/wdt.h **** uint8_t temp; \
 167:/usr/lib/avr/include/avr/wdt.h **** __asm__ __volatile__ (  \
 168:/usr/lib/avr/include/avr/wdt.h **** 	"wdr"								"\n\t" \
 169:/usr/lib/avr/include/avr/wdt.h **** 	"out %[ccp_reg], %[ioreg_cen_mask]" "\n\t" \
 170:/usr/lib/avr/include/avr/wdt.h **** 	"lds %[tmp], %[wdt_reg]"			"\n\t" \
 171:/usr/lib/avr/include/avr/wdt.h **** 	"cbr %[tmp], %[timeout_mask]"       "\n\t" \
GAS LISTING /tmp/ccgVHAhg.s 			page 10


 172:/usr/lib/avr/include/avr/wdt.h **** 	"sts %[wdt_reg], %[tmp]"			"\n\t" \
 173:/usr/lib/avr/include/avr/wdt.h ****     : [tmp]            "=r" (temp) \
 174:/usr/lib/avr/include/avr/wdt.h ****     : [ccp_reg]        "I" (_SFR_IO_ADDR(CCP)),       \
 175:/usr/lib/avr/include/avr/wdt.h ****       [ioreg_cen_mask] "r" ((uint8_t)CCP_IOREG_gc),   \
 176:/usr/lib/avr/include/avr/wdt.h ****       [wdt_reg]        "n" (_SFR_MEM_ADDR(WDT_CTRLA)),\
 177:/usr/lib/avr/include/avr/wdt.h ****       [timeout_mask]   "I" (WDT_PERIOD_gm) \
 178:/usr/lib/avr/include/avr/wdt.h **** ); \
 179:/usr/lib/avr/include/avr/wdt.h **** } while(0)
 180:/usr/lib/avr/include/avr/wdt.h **** 
 181:/usr/lib/avr/include/avr/wdt.h **** #else // defined (WDT_CTRLA) && !defined(RAMPD)
 182:/usr/lib/avr/include/avr/wdt.h **** 
 183:/usr/lib/avr/include/avr/wdt.h **** /*
 184:/usr/lib/avr/include/avr/wdt.h ****    wdt_enable(timeout) for xmega devices
 185:/usr/lib/avr/include/avr/wdt.h **** ** write signature (CCP_IOREG_gc) that enables change of protected I/O
 186:/usr/lib/avr/include/avr/wdt.h ****    registers to the CCP register
 187:/usr/lib/avr/include/avr/wdt.h **** ** At the same time,
 188:/usr/lib/avr/include/avr/wdt.h ****    1) set WDT change enable (WDT_CEN_bm)
 189:/usr/lib/avr/include/avr/wdt.h ****    2) enable WDT (WDT_ENABLE_bm)
 190:/usr/lib/avr/include/avr/wdt.h ****    3) set timeout (timeout)
 191:/usr/lib/avr/include/avr/wdt.h **** ** Synchronization starts when ENABLE bit of WDT is set. So, wait till it
 192:/usr/lib/avr/include/avr/wdt.h ****    finishes (SYNCBUSY of STATUS register is automatically cleared after the
 193:/usr/lib/avr/include/avr/wdt.h ****    sync is finished).
 194:/usr/lib/avr/include/avr/wdt.h **** */
 195:/usr/lib/avr/include/avr/wdt.h **** #define wdt_enable(timeout) \
 196:/usr/lib/avr/include/avr/wdt.h **** do { \
 197:/usr/lib/avr/include/avr/wdt.h **** uint8_t temp; \
 198:/usr/lib/avr/include/avr/wdt.h **** __asm__ __volatile__ (         \
 199:/usr/lib/avr/include/avr/wdt.h ****     "in __tmp_reg__, %[rampd]"              "\n\t" \
 200:/usr/lib/avr/include/avr/wdt.h ****     "out %[rampd], __zero_reg__"            "\n\t" \
 201:/usr/lib/avr/include/avr/wdt.h ****     "out %[ccp_reg], %[ioreg_cen_mask]"     "\n\t" \
 202:/usr/lib/avr/include/avr/wdt.h ****     "sts %[wdt_reg], %[wdt_enable_timeout]" "\n\t" \
 203:/usr/lib/avr/include/avr/wdt.h ****     "1:lds %[tmp], %[wdt_status_reg]"       "\n\t" \
 204:/usr/lib/avr/include/avr/wdt.h ****     "sbrc %[tmp], %[wdt_syncbusy_bit]"      "\n\t" \
 205:/usr/lib/avr/include/avr/wdt.h ****     "rjmp 1b"                               "\n\t" \
 206:/usr/lib/avr/include/avr/wdt.h ****     "out %[rampd], __tmp_reg__"             "\n\t" \
 207:/usr/lib/avr/include/avr/wdt.h ****     : [tmp]                "=r" (temp) \
 208:/usr/lib/avr/include/avr/wdt.h ****     : [rampd]              "I" (_SFR_IO_ADDR(RAMPD)),      \
 209:/usr/lib/avr/include/avr/wdt.h ****       [ccp_reg]            "I" (_SFR_IO_ADDR(CCP)),        \
 210:/usr/lib/avr/include/avr/wdt.h ****       [ioreg_cen_mask]     "r" ((uint8_t)CCP_IOREG_gc),     \
 211:/usr/lib/avr/include/avr/wdt.h ****       [wdt_reg]            "n" (_SFR_MEM_ADDR(WDT_CTRL)),   \
 212:/usr/lib/avr/include/avr/wdt.h ****       [wdt_enable_timeout] "r" ((uint8_t)(WDT_CEN_bm | WDT_ENABLE_bm | timeout)), \
 213:/usr/lib/avr/include/avr/wdt.h ****       [wdt_status_reg]     "n" (_SFR_MEM_ADDR(WDT_STATUS)), \
 214:/usr/lib/avr/include/avr/wdt.h ****       [wdt_syncbusy_bit]   "I" (WDT_SYNCBUSY_bm)            \
 215:/usr/lib/avr/include/avr/wdt.h ****     : "r0" \
 216:/usr/lib/avr/include/avr/wdt.h **** ); \
 217:/usr/lib/avr/include/avr/wdt.h **** } while(0)
 218:/usr/lib/avr/include/avr/wdt.h **** 
 219:/usr/lib/avr/include/avr/wdt.h **** #define wdt_disable() \
 220:/usr/lib/avr/include/avr/wdt.h **** __asm__ __volatile__ (  \
 221:/usr/lib/avr/include/avr/wdt.h ****     "in __tmp_reg__, %[rampd]"          "\n\t" \
 222:/usr/lib/avr/include/avr/wdt.h ****     "out %[rampd], __zero_reg__"        "\n\t" \
 223:/usr/lib/avr/include/avr/wdt.h ****     "out %[ccp_reg], %[ioreg_cen_mask]" "\n\t" \
 224:/usr/lib/avr/include/avr/wdt.h ****     "sts %[wdt_reg], %[disable_mask]"   "\n\t" \
 225:/usr/lib/avr/include/avr/wdt.h ****     "out %[rampd], __tmp_reg__"         "\n\t" \
 226:/usr/lib/avr/include/avr/wdt.h ****     : \
 227:/usr/lib/avr/include/avr/wdt.h ****     : [rampd]             "I" (_SFR_IO_ADDR(RAMPD)),    \
 228:/usr/lib/avr/include/avr/wdt.h ****       [ccp_reg]           "I" (_SFR_IO_ADDR(CCP)),      \
GAS LISTING /tmp/ccgVHAhg.s 			page 11


 229:/usr/lib/avr/include/avr/wdt.h ****       [ioreg_cen_mask]    "r" ((uint8_t)CCP_IOREG_gc),   \
 230:/usr/lib/avr/include/avr/wdt.h ****       [wdt_reg]           "n" (_SFR_MEM_ADDR(WDT_CTRL)), \
 231:/usr/lib/avr/include/avr/wdt.h ****       [disable_mask]      "r" ((uint8_t)((~WDT_ENABLE_bm) | WDT_CEN_bm)) \
 232:/usr/lib/avr/include/avr/wdt.h ****     : "r0" \
 233:/usr/lib/avr/include/avr/wdt.h **** );
 234:/usr/lib/avr/include/avr/wdt.h **** 
 235:/usr/lib/avr/include/avr/wdt.h **** #endif // defined (WDT_CTRLA) && !defined(RAMPD)
 236:/usr/lib/avr/include/avr/wdt.h **** 
 237:/usr/lib/avr/include/avr/wdt.h **** #elif defined(__AVR_TINY__)
 238:/usr/lib/avr/include/avr/wdt.h **** 
 239:/usr/lib/avr/include/avr/wdt.h **** #define wdt_enable(value) \
 240:/usr/lib/avr/include/avr/wdt.h **** __asm__ __volatile__ ( \
 241:/usr/lib/avr/include/avr/wdt.h ****     "in __tmp_reg__,__SREG__" "\n\t"  \
 242:/usr/lib/avr/include/avr/wdt.h ****     "cli" "\n\t"  \
 243:/usr/lib/avr/include/avr/wdt.h ****     "wdr" "\n\t"  \
 244:/usr/lib/avr/include/avr/wdt.h ****     "out %[CCPADDRESS],%[SIGNATURE]" "\n\t"  \
 245:/usr/lib/avr/include/avr/wdt.h ****     "out %[WDTREG],%[WDVALUE]" "\n\t"  \
 246:/usr/lib/avr/include/avr/wdt.h ****     "out __SREG__,__tmp_reg__" "\n\t"  \
 247:/usr/lib/avr/include/avr/wdt.h ****     : /* no outputs */  \
 248:/usr/lib/avr/include/avr/wdt.h ****     : [CCPADDRESS] "I" (_SFR_IO_ADDR(CCP)),  \
 249:/usr/lib/avr/include/avr/wdt.h ****       [SIGNATURE] "r" ((uint8_t)0xD8), \
 250:/usr/lib/avr/include/avr/wdt.h ****       [WDTREG] "I" (_SFR_IO_ADDR(_WD_CONTROL_REG)), \
 251:/usr/lib/avr/include/avr/wdt.h ****       [WDVALUE] "r" ((uint8_t)((value & 0x08 ? _WD_PS3_MASK : 0x00) \
 252:/usr/lib/avr/include/avr/wdt.h ****       | _BV(WDE) | (value & 0x07) )) \
 253:/usr/lib/avr/include/avr/wdt.h ****     : "r16" \
 254:/usr/lib/avr/include/avr/wdt.h **** )
 255:/usr/lib/avr/include/avr/wdt.h **** 
 256:/usr/lib/avr/include/avr/wdt.h **** #define wdt_disable() \
 257:/usr/lib/avr/include/avr/wdt.h **** do { \
 258:/usr/lib/avr/include/avr/wdt.h **** uint8_t temp_wd; \
 259:/usr/lib/avr/include/avr/wdt.h **** __asm__ __volatile__ ( \
 260:/usr/lib/avr/include/avr/wdt.h ****     "in __tmp_reg__,__SREG__" "\n\t"  \
 261:/usr/lib/avr/include/avr/wdt.h ****     "cli" "\n\t"  \
 262:/usr/lib/avr/include/avr/wdt.h ****     "wdr" "\n\t"  \
 263:/usr/lib/avr/include/avr/wdt.h ****     "out %[CCPADDRESS],%[SIGNATURE]" "\n\t"  \
 264:/usr/lib/avr/include/avr/wdt.h ****     "in  %[TEMP_WD],%[WDTREG]" "\n\t" \
 265:/usr/lib/avr/include/avr/wdt.h ****     "cbr %[TEMP_WD],%[WDVALUE]" "\n\t" \
 266:/usr/lib/avr/include/avr/wdt.h ****     "out %[WDTREG],%[TEMP_WD]" "\n\t" \
 267:/usr/lib/avr/include/avr/wdt.h ****     "out __SREG__,__tmp_reg__" "\n\t" \
 268:/usr/lib/avr/include/avr/wdt.h ****     : /*no output */ \
 269:/usr/lib/avr/include/avr/wdt.h ****     : [CCPADDRESS] "I" (_SFR_IO_ADDR(CCP)), \
 270:/usr/lib/avr/include/avr/wdt.h ****       [SIGNATURE] "r" ((uint8_t)0xD8), \
 271:/usr/lib/avr/include/avr/wdt.h ****       [WDTREG] "I" (_SFR_IO_ADDR(_WD_CONTROL_REG)), \
 272:/usr/lib/avr/include/avr/wdt.h ****       [TEMP_WD] "d" (temp_wd), \
 273:/usr/lib/avr/include/avr/wdt.h ****       [WDVALUE] "n" (1 << WDE) \
 274:/usr/lib/avr/include/avr/wdt.h ****     : "r16" \
 275:/usr/lib/avr/include/avr/wdt.h **** ); \
 276:/usr/lib/avr/include/avr/wdt.h **** }while(0)
 277:/usr/lib/avr/include/avr/wdt.h **** 
 278:/usr/lib/avr/include/avr/wdt.h **** #elif defined(CCP)
 279:/usr/lib/avr/include/avr/wdt.h **** 
 280:/usr/lib/avr/include/avr/wdt.h **** static __inline__
 281:/usr/lib/avr/include/avr/wdt.h **** __attribute__ ((__always_inline__))
 282:/usr/lib/avr/include/avr/wdt.h **** void wdt_enable (const uint8_t value)
 283:/usr/lib/avr/include/avr/wdt.h **** {
 284:/usr/lib/avr/include/avr/wdt.h **** 	if (!_SFR_IO_REG_P (CCP) && !_SFR_IO_REG_P (_WD_CONTROL_REG))
 285:/usr/lib/avr/include/avr/wdt.h **** 	{
GAS LISTING /tmp/ccgVHAhg.s 			page 12


 286:/usr/lib/avr/include/avr/wdt.h **** 		__asm__ __volatile__ (
 287:/usr/lib/avr/include/avr/wdt.h **** 			"in __tmp_reg__,__SREG__" "\n\t"
 288:/usr/lib/avr/include/avr/wdt.h **** 			"cli" "\n\t"
 289:/usr/lib/avr/include/avr/wdt.h **** 			"wdr" "\n\t"
 290:/usr/lib/avr/include/avr/wdt.h **** 			"sts %[CCPADDRESS],%[SIGNATURE]" "\n\t"
 291:/usr/lib/avr/include/avr/wdt.h **** 			"sts %[WDTREG],%[WDVALUE]" "\n\t"
 292:/usr/lib/avr/include/avr/wdt.h **** 			"out __SREG__,__tmp_reg__" "\n\t"
 293:/usr/lib/avr/include/avr/wdt.h **** 			: /* no outputs */
 294:/usr/lib/avr/include/avr/wdt.h **** 			: [CCPADDRESS] "n" (_SFR_MEM_ADDR(CCP)),
 295:/usr/lib/avr/include/avr/wdt.h **** 			[SIGNATURE] "r" ((uint8_t)0xD8),
 296:/usr/lib/avr/include/avr/wdt.h **** 			[WDTREG] "n" (_SFR_MEM_ADDR(_WD_CONTROL_REG)),
 297:/usr/lib/avr/include/avr/wdt.h **** 			[WDVALUE] "r" ((uint8_t)((value & 0x08 ? _WD_PS3_MASK : 0x00)
 298:/usr/lib/avr/include/avr/wdt.h **** 				| _BV(WDE) | (value & 0x07) ))
 299:/usr/lib/avr/include/avr/wdt.h **** 			: "r0"
 300:/usr/lib/avr/include/avr/wdt.h **** 			);
 301:/usr/lib/avr/include/avr/wdt.h **** 	}
 302:/usr/lib/avr/include/avr/wdt.h **** 	else if (!_SFR_IO_REG_P (CCP) && _SFR_IO_REG_P (_WD_CONTROL_REG))
 303:/usr/lib/avr/include/avr/wdt.h **** 	{
 304:/usr/lib/avr/include/avr/wdt.h **** 		__asm__ __volatile__ (
 305:/usr/lib/avr/include/avr/wdt.h **** 			"in __tmp_reg__,__SREG__" "\n\t"
 306:/usr/lib/avr/include/avr/wdt.h **** 			"cli" "\n\t"
 307:/usr/lib/avr/include/avr/wdt.h **** 			"wdr" "\n\t"
 308:/usr/lib/avr/include/avr/wdt.h **** 			"sts %[CCPADDRESS],%[SIGNATURE]" "\n\t"
 309:/usr/lib/avr/include/avr/wdt.h **** 			"out %[WDTREG],%[WDVALUE]" "\n\t"
 310:/usr/lib/avr/include/avr/wdt.h **** 			"out __SREG__,__tmp_reg__" "\n\t"
 311:/usr/lib/avr/include/avr/wdt.h **** 			: /* no outputs */
 312:/usr/lib/avr/include/avr/wdt.h **** 			: [CCPADDRESS] "n" (_SFR_MEM_ADDR(CCP)),
 313:/usr/lib/avr/include/avr/wdt.h **** 			[SIGNATURE] "r" ((uint8_t)0xD8),
 314:/usr/lib/avr/include/avr/wdt.h **** 			[WDTREG] "I" (_SFR_IO_ADDR(_WD_CONTROL_REG)),
 315:/usr/lib/avr/include/avr/wdt.h **** 			[WDVALUE] "r" ((uint8_t)((value & 0x08 ? _WD_PS3_MASK : 0x00)
 316:/usr/lib/avr/include/avr/wdt.h **** 				| _BV(WDE) | (value & 0x07) ))
 317:/usr/lib/avr/include/avr/wdt.h **** 			: "r0"
 318:/usr/lib/avr/include/avr/wdt.h **** 			);
 319:/usr/lib/avr/include/avr/wdt.h **** 	}
 320:/usr/lib/avr/include/avr/wdt.h **** 	else if (_SFR_IO_REG_P (CCP) && !_SFR_IO_REG_P (_WD_CONTROL_REG))
 321:/usr/lib/avr/include/avr/wdt.h **** 	{
 322:/usr/lib/avr/include/avr/wdt.h **** 		__asm__ __volatile__ (
 323:/usr/lib/avr/include/avr/wdt.h **** 			"in __tmp_reg__,__SREG__" "\n\t"
 324:/usr/lib/avr/include/avr/wdt.h **** 			"cli" "\n\t"
 325:/usr/lib/avr/include/avr/wdt.h **** 			"wdr" "\n\t"
 326:/usr/lib/avr/include/avr/wdt.h **** 			"out %[CCPADDRESS],%[SIGNATURE]" "\n\t"
 327:/usr/lib/avr/include/avr/wdt.h **** 			"sts %[WDTREG],%[WDVALUE]" "\n\t"
 328:/usr/lib/avr/include/avr/wdt.h **** 			"out __SREG__,__tmp_reg__" "\n\t"
 329:/usr/lib/avr/include/avr/wdt.h **** 			: /* no outputs */
 330:/usr/lib/avr/include/avr/wdt.h **** 			: [CCPADDRESS] "I" (_SFR_IO_ADDR(CCP)),
 331:/usr/lib/avr/include/avr/wdt.h **** 			[SIGNATURE] "r" ((uint8_t)0xD8),
 332:/usr/lib/avr/include/avr/wdt.h **** 			[WDTREG] "n" (_SFR_MEM_ADDR(_WD_CONTROL_REG)),
 333:/usr/lib/avr/include/avr/wdt.h **** 			[WDVALUE] "r" ((uint8_t)((value & 0x08 ? _WD_PS3_MASK : 0x00)
 334:/usr/lib/avr/include/avr/wdt.h **** 				| _BV(WDE) | (value & 0x07) ))
 335:/usr/lib/avr/include/avr/wdt.h **** 			: "r0"
 336:/usr/lib/avr/include/avr/wdt.h **** 			);
 337:/usr/lib/avr/include/avr/wdt.h **** 	}
 338:/usr/lib/avr/include/avr/wdt.h **** 	else
 339:/usr/lib/avr/include/avr/wdt.h ****  	{
 340:/usr/lib/avr/include/avr/wdt.h **** 		__asm__ __volatile__ (
 341:/usr/lib/avr/include/avr/wdt.h **** 			"in __tmp_reg__,__SREG__" "\n\t"
 342:/usr/lib/avr/include/avr/wdt.h **** 			"cli" "\n\t"
GAS LISTING /tmp/ccgVHAhg.s 			page 13


 343:/usr/lib/avr/include/avr/wdt.h **** 			"wdr" "\n\t"
 344:/usr/lib/avr/include/avr/wdt.h **** 			"out %[CCPADDRESS],%[SIGNATURE]" "\n\t"
 345:/usr/lib/avr/include/avr/wdt.h **** 			"out %[WDTREG],%[WDVALUE]" "\n\t"
 346:/usr/lib/avr/include/avr/wdt.h **** 			"out __SREG__,__tmp_reg__" "\n\t"
 347:/usr/lib/avr/include/avr/wdt.h **** 			: /* no outputs */
 348:/usr/lib/avr/include/avr/wdt.h **** 			: [CCPADDRESS] "I" (_SFR_IO_ADDR(CCP)),
 349:/usr/lib/avr/include/avr/wdt.h **** 			[SIGNATURE] "r" ((uint8_t)0xD8),
 350:/usr/lib/avr/include/avr/wdt.h **** 			[WDTREG] "I" (_SFR_IO_ADDR(_WD_CONTROL_REG)),
 351:/usr/lib/avr/include/avr/wdt.h **** 			[WDVALUE] "r" ((uint8_t)((value & 0x08 ? _WD_PS3_MASK : 0x00)
 352:/usr/lib/avr/include/avr/wdt.h **** 				| _BV(WDE) | (value & 0x07) ))
 353:/usr/lib/avr/include/avr/wdt.h **** 			: "r0"
 354:/usr/lib/avr/include/avr/wdt.h **** 			);
 355:/usr/lib/avr/include/avr/wdt.h **** 	}
 356:/usr/lib/avr/include/avr/wdt.h **** }
 357:/usr/lib/avr/include/avr/wdt.h **** 
 358:/usr/lib/avr/include/avr/wdt.h **** static __inline__
 359:/usr/lib/avr/include/avr/wdt.h **** __attribute__ ((__always_inline__))
 360:/usr/lib/avr/include/avr/wdt.h **** void wdt_disable (void)
 361:/usr/lib/avr/include/avr/wdt.h **** {
 362:/usr/lib/avr/include/avr/wdt.h **** 	if (!_SFR_IO_REG_P (CCP) && !_SFR_IO_REG_P(_WD_CONTROL_REG))
 363:/usr/lib/avr/include/avr/wdt.h **** 	{
 364:/usr/lib/avr/include/avr/wdt.h ****         uint8_t temp_wd;
 365:/usr/lib/avr/include/avr/wdt.h ****         __asm__ __volatile__ (
 366:/usr/lib/avr/include/avr/wdt.h **** 				"in __tmp_reg__,__SREG__" "\n\t"
 367:/usr/lib/avr/include/avr/wdt.h **** 				"cli" "\n\t"
 368:/usr/lib/avr/include/avr/wdt.h **** 				"wdr" "\n\t"
 369:/usr/lib/avr/include/avr/wdt.h **** 				"sts %[CCPADDRESS],%[SIGNATURE]" "\n\t"
 370:/usr/lib/avr/include/avr/wdt.h **** 				"lds %[TEMP_WD],%[WDTREG]" "\n\t"
 371:/usr/lib/avr/include/avr/wdt.h **** 				"cbr %[TEMP_WD],%[WDVALUE]" "\n\t"
 372:/usr/lib/avr/include/avr/wdt.h **** 				"sts %[WDTREG],%[TEMP_WD]" "\n\t"
 373:/usr/lib/avr/include/avr/wdt.h **** 				"out __SREG__,__tmp_reg__" "\n\t"
 374:/usr/lib/avr/include/avr/wdt.h **** 				: /*no output */
 375:/usr/lib/avr/include/avr/wdt.h **** 				: [CCPADDRESS] "n" (_SFR_MEM_ADDR(CCP)),
 376:/usr/lib/avr/include/avr/wdt.h **** 				[SIGNATURE] "r" ((uint8_t)0xD8),
 377:/usr/lib/avr/include/avr/wdt.h **** 				[WDTREG] "n" (_SFR_MEM_ADDR(_WD_CONTROL_REG)),
 378:/usr/lib/avr/include/avr/wdt.h **** 				[TEMP_WD] "d" (temp_wd),
 379:/usr/lib/avr/include/avr/wdt.h **** 				[WDVALUE] "n" (1 << WDE)
 380:/usr/lib/avr/include/avr/wdt.h **** 				: "r0"
 381:/usr/lib/avr/include/avr/wdt.h **** 				);
 382:/usr/lib/avr/include/avr/wdt.h **** 	}
 383:/usr/lib/avr/include/avr/wdt.h **** 	else if (!_SFR_IO_REG_P (CCP) && _SFR_IO_REG_P(_WD_CONTROL_REG))
 384:/usr/lib/avr/include/avr/wdt.h **** 	{
 385:/usr/lib/avr/include/avr/wdt.h ****         uint8_t temp_wd;
 386:/usr/lib/avr/include/avr/wdt.h ****         __asm__ __volatile__ (
 387:/usr/lib/avr/include/avr/wdt.h **** 				"in __tmp_reg__,__SREG__" "\n\t"
 388:/usr/lib/avr/include/avr/wdt.h **** 				"cli" "\n\t"
 389:/usr/lib/avr/include/avr/wdt.h **** 				"wdr" "\n\t"
 390:/usr/lib/avr/include/avr/wdt.h **** 				"sts %[CCPADDRESS],%[SIGNATURE]" "\n\t"
 391:/usr/lib/avr/include/avr/wdt.h **** 				"in %[TEMP_WD],%[WDTREG]" "\n\t"
 392:/usr/lib/avr/include/avr/wdt.h **** 				"cbr %[TEMP_WD],%[WDVALUE]" "\n\t"
 393:/usr/lib/avr/include/avr/wdt.h **** 				"out %[WDTREG],%[TEMP_WD]" "\n\t"
 394:/usr/lib/avr/include/avr/wdt.h **** 				"out __SREG__,__tmp_reg__" "\n\t"
 395:/usr/lib/avr/include/avr/wdt.h **** 				: /*no output */
 396:/usr/lib/avr/include/avr/wdt.h **** 				: [CCPADDRESS] "n" (_SFR_MEM_ADDR(CCP)),
 397:/usr/lib/avr/include/avr/wdt.h **** 				[SIGNATURE] "r" ((uint8_t)0xD8),
 398:/usr/lib/avr/include/avr/wdt.h **** 				[WDTREG] "I" (_SFR_IO_ADDR(_WD_CONTROL_REG)),
 399:/usr/lib/avr/include/avr/wdt.h **** 				[TEMP_WD] "d" (temp_wd),
GAS LISTING /tmp/ccgVHAhg.s 			page 14


 400:/usr/lib/avr/include/avr/wdt.h **** 				[WDVALUE] "n" (1 << WDE)
 401:/usr/lib/avr/include/avr/wdt.h **** 				: "r0"
 402:/usr/lib/avr/include/avr/wdt.h **** 				);
 403:/usr/lib/avr/include/avr/wdt.h **** 	}
 404:/usr/lib/avr/include/avr/wdt.h **** 	else if (_SFR_IO_REG_P (CCP) && !_SFR_IO_REG_P(_WD_CONTROL_REG))
 405:/usr/lib/avr/include/avr/wdt.h **** 	{
 406:/usr/lib/avr/include/avr/wdt.h ****         uint8_t temp_wd;
 407:/usr/lib/avr/include/avr/wdt.h ****         __asm__ __volatile__ (
 408:/usr/lib/avr/include/avr/wdt.h **** 				"in __tmp_reg__,__SREG__" "\n\t"
 409:/usr/lib/avr/include/avr/wdt.h **** 				"cli" "\n\t"
 410:/usr/lib/avr/include/avr/wdt.h **** 				"wdr" "\n\t"
 411:/usr/lib/avr/include/avr/wdt.h **** 				"out %[CCPADDRESS],%[SIGNATURE]" "\n\t"
 412:/usr/lib/avr/include/avr/wdt.h **** 				"lds %[TEMP_WD],%[WDTREG]" "\n\t"
 413:/usr/lib/avr/include/avr/wdt.h **** 				"cbr %[TEMP_WD],%[WDVALUE]" "\n\t"
 414:/usr/lib/avr/include/avr/wdt.h **** 				"sts %[WDTREG],%[TEMP_WD]" "\n\t"
 415:/usr/lib/avr/include/avr/wdt.h **** 				"out __SREG__,__tmp_reg__" "\n\t"
 416:/usr/lib/avr/include/avr/wdt.h **** 				: /*no output */
 417:/usr/lib/avr/include/avr/wdt.h **** 				: [CCPADDRESS] "I" (_SFR_IO_ADDR(CCP)),
 418:/usr/lib/avr/include/avr/wdt.h **** 				[SIGNATURE] "r" ((uint8_t)0xD8),
 419:/usr/lib/avr/include/avr/wdt.h **** 				[WDTREG] "n" (_SFR_MEM_ADDR(_WD_CONTROL_REG)),
 420:/usr/lib/avr/include/avr/wdt.h **** 				[TEMP_WD] "d" (temp_wd),
 421:/usr/lib/avr/include/avr/wdt.h **** 				[WDVALUE] "n" (1 << WDE)
 422:/usr/lib/avr/include/avr/wdt.h **** 				: "r0"
 423:/usr/lib/avr/include/avr/wdt.h **** 				);
 424:/usr/lib/avr/include/avr/wdt.h **** 	}
 425:/usr/lib/avr/include/avr/wdt.h **** 	else
 426:/usr/lib/avr/include/avr/wdt.h **** 	{
 427:/usr/lib/avr/include/avr/wdt.h ****         uint8_t temp_wd;
 428:/usr/lib/avr/include/avr/wdt.h ****         __asm__ __volatile__ (
 429:/usr/lib/avr/include/avr/wdt.h **** 				"in __tmp_reg__,__SREG__" "\n\t"
 430:/usr/lib/avr/include/avr/wdt.h **** 				"cli" "\n\t"
 431:/usr/lib/avr/include/avr/wdt.h **** 				"wdr" "\n\t"
 432:/usr/lib/avr/include/avr/wdt.h **** 				"out %[CCPADDRESS],%[SIGNATURE]" "\n\t"
 433:/usr/lib/avr/include/avr/wdt.h **** 				"in %[TEMP_WD],%[WDTREG]" "\n\t"
 434:/usr/lib/avr/include/avr/wdt.h **** 				"cbr %[TEMP_WD],%[WDVALUE]" "\n\t"
 435:/usr/lib/avr/include/avr/wdt.h **** 				"out %[WDTREG],%[TEMP_WD]" "\n\t"
 436:/usr/lib/avr/include/avr/wdt.h **** 				"out __SREG__,__tmp_reg__" "\n\t"
 437:/usr/lib/avr/include/avr/wdt.h **** 				: /*no output */
 438:/usr/lib/avr/include/avr/wdt.h **** 				: [CCPADDRESS] "I" (_SFR_IO_ADDR(CCP)),
 439:/usr/lib/avr/include/avr/wdt.h **** 				[SIGNATURE] "r" ((uint8_t)0xD8),
 440:/usr/lib/avr/include/avr/wdt.h **** 				[WDTREG] "I" (_SFR_IO_ADDR(_WD_CONTROL_REG)),
 441:/usr/lib/avr/include/avr/wdt.h **** 				[TEMP_WD] "d" (temp_wd),
 442:/usr/lib/avr/include/avr/wdt.h **** 				[WDVALUE] "n" (1 << WDE)
 443:/usr/lib/avr/include/avr/wdt.h **** 				: "r0"
 444:/usr/lib/avr/include/avr/wdt.h **** 				);
 445:/usr/lib/avr/include/avr/wdt.h **** 	}
 446:/usr/lib/avr/include/avr/wdt.h **** }
 447:/usr/lib/avr/include/avr/wdt.h **** 
 448:/usr/lib/avr/include/avr/wdt.h **** #else
 449:/usr/lib/avr/include/avr/wdt.h **** 
 450:/usr/lib/avr/include/avr/wdt.h **** static __inline__
 451:/usr/lib/avr/include/avr/wdt.h **** __attribute__ ((__always_inline__))
 452:/usr/lib/avr/include/avr/wdt.h **** void wdt_enable (const uint8_t value)
 453:/usr/lib/avr/include/avr/wdt.h **** {
 454:/usr/lib/avr/include/avr/wdt.h **** 	if (_SFR_IO_REG_P (_WD_CONTROL_REG))
 455:/usr/lib/avr/include/avr/wdt.h **** 	{
 456:/usr/lib/avr/include/avr/wdt.h **** 		__asm__ __volatile__ (
GAS LISTING /tmp/ccgVHAhg.s 			page 15


 457:/usr/lib/avr/include/avr/wdt.h **** 				"in __tmp_reg__,__SREG__" "\n\t"
 458:/usr/lib/avr/include/avr/wdt.h **** 				"cli" "\n\t"
 459:/usr/lib/avr/include/avr/wdt.h **** 				"wdr" "\n\t"
 460:/usr/lib/avr/include/avr/wdt.h **** 				"out %0, %1" "\n\t"
 461:/usr/lib/avr/include/avr/wdt.h **** 				"out __SREG__,__tmp_reg__" "\n\t"
 462:/usr/lib/avr/include/avr/wdt.h **** 				"out %0, %2" "\n \t"
 463:/usr/lib/avr/include/avr/wdt.h **** 				: /* no outputs */
 464:/usr/lib/avr/include/avr/wdt.h **** 				: "I" (_SFR_IO_ADDR(_WD_CONTROL_REG)),
 465:/usr/lib/avr/include/avr/wdt.h **** 				"r" ((uint8_t)(_BV(_WD_CHANGE_BIT) | _BV(WDE))),
 466:/usr/lib/avr/include/avr/wdt.h **** 				"r" ((uint8_t) ((value & 0x08 ? _WD_PS3_MASK : 0x00) |
 467:/usr/lib/avr/include/avr/wdt.h **** 						_BV(WDE) | (value & 0x07)) )
 468:/usr/lib/avr/include/avr/wdt.h **** 				: "r0"
 469:/usr/lib/avr/include/avr/wdt.h **** 		);
 470:/usr/lib/avr/include/avr/wdt.h **** 	}
 471:/usr/lib/avr/include/avr/wdt.h **** 	else
 472:/usr/lib/avr/include/avr/wdt.h **** 	{
 473:/usr/lib/avr/include/avr/wdt.h **** 		__asm__ __volatile__ (
 474:/usr/lib/avr/include/avr/wdt.h **** 				"in __tmp_reg__,__SREG__" "\n\t"
 475:/usr/lib/avr/include/avr/wdt.h **** 				"cli" "\n\t"
 476:/usr/lib/avr/include/avr/wdt.h **** 				"wdr" "\n\t"
 477:/usr/lib/avr/include/avr/wdt.h **** 				"sts %0, %1" "\n\t"
 478:/usr/lib/avr/include/avr/wdt.h **** 				"out __SREG__,__tmp_reg__" "\n\t"
 479:/usr/lib/avr/include/avr/wdt.h **** 				"sts %0, %2" "\n \t"
 480:/usr/lib/avr/include/avr/wdt.h **** 				: /* no outputs */
 481:/usr/lib/avr/include/avr/wdt.h **** 				: "n" (_SFR_MEM_ADDR(_WD_CONTROL_REG)),
 482:/usr/lib/avr/include/avr/wdt.h **** 				"r" ((uint8_t)(_BV(_WD_CHANGE_BIT) | _BV(WDE))),
 483:/usr/lib/avr/include/avr/wdt.h **** 				"r" ((uint8_t) ((value & 0x08 ? _WD_PS3_MASK : 0x00) |
 484:/usr/lib/avr/include/avr/wdt.h **** 						_BV(WDE) | (value & 0x07)) )
 485:/usr/lib/avr/include/avr/wdt.h **** 				: "r0"
 486:/usr/lib/avr/include/avr/wdt.h **** 		);
 487:/usr/lib/avr/include/avr/wdt.h **** 	}
 488:/usr/lib/avr/include/avr/wdt.h **** }
 489:/usr/lib/avr/include/avr/wdt.h **** 
 490:/usr/lib/avr/include/avr/wdt.h **** static __inline__
 491:/usr/lib/avr/include/avr/wdt.h **** __attribute__ ((__always_inline__))
 492:/usr/lib/avr/include/avr/wdt.h **** void wdt_disable (void)
 493:/usr/lib/avr/include/avr/wdt.h **** {
 494:/usr/lib/avr/include/avr/wdt.h **** 	if (_SFR_IO_REG_P (_WD_CONTROL_REG))
 495:/usr/lib/avr/include/avr/wdt.h **** 	{
 496:/usr/lib/avr/include/avr/wdt.h ****         uint8_t register temp_reg;
 497:/usr/lib/avr/include/avr/wdt.h **** 		__asm__ __volatile__ (
 226               		.stabn	68,0,497,.LM12-.LFBB4
 227               	.LM12:
 228               	/* #APP */
 229               	 ;  497 "/usr/lib/avr/include/avr/wdt.h" 1
 230 0036 0FB6      		in __tmp_reg__,__SREG__
 231 0038 F894      		cli
 232 003a A895      		wdr
 233 003c 81B5      		in  r24,33
 234 003e 8861      		ori r24,24
 235 0040 81BD      		out 33,r24
 236 0042 11BC      		out 33,__zero_reg__
 237 0044 0FBE      		out __SREG__,__tmp_reg__
 238               		
 239               	 ;  0 "" 2
 240               	/* #NOAPP */
 241               	.LBE15:
GAS LISTING /tmp/ccgVHAhg.s 			page 16


 242               	.LBE14:
 243               		.stabs	"_commonCode_localized/heartbeat/1.21/heartbeat.c",132,0,0,.Ltext2
 244               	.Ltext2:
 118:_commonCode_localized/heartbeat/1.21/heartbeat.c **** 	wdt_disable();
 119:_commonCode_localized/heartbeat/1.21/heartbeat.c **** 	clrpinPORT(HEART_PINNUM, HEART_PINPORT);
 245               		.stabn	68,0,119,.LM13-.LFBB4
 246               	.LM13:
 247 0046 C198      		cbi 0x18,1
 120:_commonCode_localized/heartbeat/1.21/heartbeat.c **** 	setoutPORT(HEART_PINNUM, HEART_PINPORT);
 248               		.stabn	68,0,120,.LM14-.LFBB4
 249               	.LM14:
 250 0048 B99A      		sbi 0x17,1
 121:_commonCode_localized/heartbeat/1.21/heartbeat.c **** #endif
 122:_commonCode_localized/heartbeat/1.21/heartbeat.c **** 
 123:_commonCode_localized/heartbeat/1.21/heartbeat.c **** 
 124:_commonCode_localized/heartbeat/1.21/heartbeat.c **** 
 125:_commonCode_localized/heartbeat/1.21/heartbeat.c **** //	hfm_setPower(&heartModulator, 0);
 126:_commonCode_localized/heartbeat/1.21/heartbeat.c **** 	hfm_setup(&heartModulator, 0, HEART_MAXBRIGHT);
 251               		.stabn	68,0,126,.LM15-.LFBB4
 252               	.LM15:
 253 004a 4FEF      		ldi r20,lo8(-1)
 254 004c 60E0      		ldi r22,0
 255 004e 80E0      		ldi r24,lo8(heartModulator)
 256 0050 90E0      		ldi r25,hi8(heartModulator)
 257 0052 00D0      		rcall hfm_setup
 258               	.LBB16:
 259               	.LBB17:
  56:_commonCode_localized/heartbeat/1.21/heartbeat.c **** 	#else
 260               		.stabn	68,0,56,.LM16-.LFBB4
 261               	.LM16:
 262 0054 8CE9      		ldi r24,lo8(-100)
 263 0056 90E0      		ldi r25,0
 264 0058 9093 0000 		sts heartStepTime+1,r25
 265 005c 8093 0000 		sts heartStepTime,r24
 266               	.LBE17:
 267               	.LBE16:
 127:_commonCode_localized/heartbeat/1.21/heartbeat.c **** 
 128:_commonCode_localized/heartbeat/1.21/heartbeat.c **** 	setHeartRate(0);
 129:_commonCode_localized/heartbeat/1.21/heartbeat.c **** 	
 130:_commonCode_localized/heartbeat/1.21/heartbeat.c **** #if (_HEART_DMS_)
 131:_commonCode_localized/heartbeat/1.21/heartbeat.c ****  #if (_DMS_EXTERNALUPDATE_)
 132:_commonCode_localized/heartbeat/1.21/heartbeat.c **** 	//dmsTimer should be initialized elsewhere based on the rate of dmsUpdate calls...
 133:_commonCode_localized/heartbeat/1.21/heartbeat.c ****  #else 
 134:_commonCode_localized/heartbeat/1.21/heartbeat.c **** 	init_dmsTimer();
 268               		.stabn	68,0,134,.LM17-.LFBB4
 269               	.LM17:
 270 0060 00D0      		rcall init_dmsTimer
 135:_commonCode_localized/heartbeat/1.21/heartbeat.c ****  #endif
 136:_commonCode_localized/heartbeat/1.21/heartbeat.c **** 
 137:_commonCode_localized/heartbeat/1.21/heartbeat.c **** #endif
 138:_commonCode_localized/heartbeat/1.21/heartbeat.c **** 
 139:_commonCode_localized/heartbeat/1.21/heartbeat.c **** 	//Check if there was a watchdog reset...
 140:_commonCode_localized/heartbeat/1.21/heartbeat.c **** 	// IF the reset occurred, the WDTimer is reset to 16ms!
 141:_commonCode_localized/heartbeat/1.21/heartbeat.c **** 	// IF wdt_reset() isn't called before then, it will get stuck resetting!
 142:_commonCode_localized/heartbeat/1.21/heartbeat.c **** 	//!!!! This can happen even if the WDT is NEVER ENABLED
 143:_commonCode_localized/heartbeat/1.21/heartbeat.c **** 	// esp. if the bit is set during a brown-out...
 144:_commonCode_localized/heartbeat/1.21/heartbeat.c **** 	//Could also check ! Power-On, and/or brownout... 
GAS LISTING /tmp/ccgVHAhg.s 			page 17


 145:_commonCode_localized/heartbeat/1.21/heartbeat.c **** 	if(getbit(WDRF, MCUStatReg))
 271               		.stabn	68,0,145,.LM18-.LFBB4
 272               	.LM18:
 273 0062 04B6      		in __tmp_reg__,0x34
 274 0064 03FE      		sbrs __tmp_reg__,3
 275 0066 00C0      		rjmp .L6
 276               	.LBB18:
 277               	.LBB19:
  56:_commonCode_localized/heartbeat/1.21/heartbeat.c **** 	#else
 278               		.stabn	68,0,56,.LM19-.LFBB4
 279               	.LM19:
 280 0068 84E0      		ldi r24,lo8(4)
 281 006a 90E0      		ldi r25,0
 282 006c 9093 0000 		sts heartStepTime+1,r25
 283 0070 8093 0000 		sts heartStepTime,r24
 284               	.L6:
 285               	.LBE19:
 286               	.LBE18:
 146:_commonCode_localized/heartbeat/1.21/heartbeat.c **** 	{
 147:_commonCode_localized/heartbeat/1.21/heartbeat.c **** 		setHeartRate(32);
 148:_commonCode_localized/heartbeat/1.21/heartbeat.c **** /*
 149:_commonCode_localized/heartbeat/1.21/heartbeat.c **** 		
 150:_commonCode_localized/heartbeat/1.21/heartbeat.c **** 		//HALT HERE FOR DEBUGGING!!!
 151:_commonCode_localized/heartbeat/1.21/heartbeat.c **** 		// INDICATE it on the HeartBeat!
 152:_commonCode_localized/heartbeat/1.21/heartbeat.c **** #warning "watchdog should NOT hang the system when distributed... this is DEBUGGING ONLY"
 153:_commonCode_localized/heartbeat/1.21/heartbeat.c **** 		while(1)
 154:_commonCode_localized/heartbeat/1.21/heartbeat.c **** 		{
 155:_commonCode_localized/heartbeat/1.21/heartbeat.c **** 			heartUpdate();
 156:_commonCode_localized/heartbeat/1.21/heartbeat.c **** 		}
 157:_commonCode_localized/heartbeat/1.21/heartbeat.c **** */
 158:_commonCode_localized/heartbeat/1.21/heartbeat.c **** 	}
 159:_commonCode_localized/heartbeat/1.21/heartbeat.c **** 	if(!getbit(PORF, MCUStatReg))
 287               		.stabn	68,0,159,.LM20-.LFBB4
 288               	.LM20:
 289 0074 04B6      		in __tmp_reg__,0x34
 290 0076 00FC      		sbrc __tmp_reg__,0
 291 0078 00C0      		rjmp .L7
 160:_commonCode_localized/heartbeat/1.21/heartbeat.c **** 	{
 161:_commonCode_localized/heartbeat/1.21/heartbeat.c **** 		//It seems unusual that a brown-out wouldn't occur on power-up... takes time to charge caps, etc.
 162:_commonCode_localized/heartbeat/1.21/heartbeat.c **** 		//only check this if PowerOnReset was already cleared from a previous run
 163:_commonCode_localized/heartbeat/1.21/heartbeat.c **** 		if(getbit(BORF, MCUStatReg))
 292               		.stabn	68,0,163,.LM21-.LFBB4
 293               	.LM21:
 294 007a 04B6      		in __tmp_reg__,0x34
 295 007c 02FE      		sbrs __tmp_reg__,2
 296 007e 00C0      		rjmp .L7
 297               	.LBB20:
 298               	.LBB21:
  56:_commonCode_localized/heartbeat/1.21/heartbeat.c **** 	#else
 299               		.stabn	68,0,56,.LM22-.LFBB4
 300               	.LM22:
 301 0080 89E0      		ldi r24,lo8(9)
 302 0082 90E0      		ldi r25,0
 303 0084 9093 0000 		sts heartStepTime+1,r25
 304 0088 8093 0000 		sts heartStepTime,r24
 305               	.L7:
 306               	.LBE21:
GAS LISTING /tmp/ccgVHAhg.s 			page 18


 307               	.LBE20:
 164:_commonCode_localized/heartbeat/1.21/heartbeat.c **** 		{
 165:_commonCode_localized/heartbeat/1.21/heartbeat.c **** 			setHeartRate(16);
 166:_commonCode_localized/heartbeat/1.21/heartbeat.c **** 		}
 167:_commonCode_localized/heartbeat/1.21/heartbeat.c **** 	}
 168:_commonCode_localized/heartbeat/1.21/heartbeat.c **** 	//Clear the reset flags so we can see next time...
 169:_commonCode_localized/heartbeat/1.21/heartbeat.c **** //	MCUSR = 0x0f;
 170:_commonCode_localized/heartbeat/1.21/heartbeat.c **** 	MCUStatReg = 0;
 308               		.stabn	68,0,170,.LM23-.LFBB4
 309               	.LM23:
 310 008c 14BE      		out 0x34,__zero_reg__
 311               	/* epilogue start */
 171:_commonCode_localized/heartbeat/1.21/heartbeat.c **** 	
 172:_commonCode_localized/heartbeat/1.21/heartbeat.c **** 	//It's kinda handy to have the WDT run for a while so we can tell it crashed...
 173:_commonCode_localized/heartbeat/1.21/heartbeat.c **** #if !defined(_WDT_DISABLE_)
 174:_commonCode_localized/heartbeat/1.21/heartbeat.c ****  #if defined(_WDTO_USER_)
 175:_commonCode_localized/heartbeat/1.21/heartbeat.c **** 	wdt_enable(_WDTO_USER_);
 176:_commonCode_localized/heartbeat/1.21/heartbeat.c ****  #else
 177:_commonCode_localized/heartbeat/1.21/heartbeat.c ****   #if defined(WDTO_4S)
 178:_commonCode_localized/heartbeat/1.21/heartbeat.c **** 	wdt_enable(WDTO_4S);
 179:_commonCode_localized/heartbeat/1.21/heartbeat.c ****   #else
 180:_commonCode_localized/heartbeat/1.21/heartbeat.c **** 	wdt_enable(WDTO_1S);
 181:_commonCode_localized/heartbeat/1.21/heartbeat.c ****   #endif
 182:_commonCode_localized/heartbeat/1.21/heartbeat.c ****  #endif
 183:_commonCode_localized/heartbeat/1.21/heartbeat.c **** #else
 184:_commonCode_localized/heartbeat/1.21/heartbeat.c ****  #warning "WDT DISABLED"
 185:_commonCode_localized/heartbeat/1.21/heartbeat.c **** #endif
 186:_commonCode_localized/heartbeat/1.21/heartbeat.c **** }
 312               		.stabn	68,0,186,.LM24-.LFBB4
 313               	.LM24:
 314 008e 0895      		ret
 315               		.size	init_heartBeat, .-init_heartBeat
 316               	.Lscope4:
 317               		.stabs	"",36,0,0,.Lscope4-.LFBB4
 318               		.stabd	78,0,0
 319               		.stabs	"getNextDesired:F(6,2)",36,0,190,getNextDesired
 320               	.global	getNextDesired
 321               		.type	getNextDesired, @function
 322               	getNextDesired:
 323               		.stabd	46,0,0
 187:_commonCode_localized/heartbeat/1.21/heartbeat.c **** 
 188:_commonCode_localized/heartbeat/1.21/heartbeat.c **** //Increment or decrement the heart brightness as appropriate
 189:_commonCode_localized/heartbeat/1.21/heartbeat.c **** // this is called periodically by heartUpdate...
 190:_commonCode_localized/heartbeat/1.21/heartbeat.c **** uint8_t getNextDesired(void)
 191:_commonCode_localized/heartbeat/1.21/heartbeat.c **** {
 324               		.stabn	68,0,191,.LM25-.LFBB5
 325               	.LM25:
 326               	.LFBB5:
 327               	/* prologue: function */
 328               	/* frame size = 0 */
 329               	/* stack size = 0 */
 330               	.L__stack_usage = 0
 192:_commonCode_localized/heartbeat/1.21/heartbeat.c **** 	//Don't set abs(direction) > 1 or we'll have wraparound errors!
 193:_commonCode_localized/heartbeat/1.21/heartbeat.c **** 	static int8_t direction = +1;
 194:_commonCode_localized/heartbeat/1.21/heartbeat.c **** 	int16_t desired;
 195:_commonCode_localized/heartbeat/1.21/heartbeat.c **** 
 196:_commonCode_localized/heartbeat/1.21/heartbeat.c **** 
GAS LISTING /tmp/ccgVHAhg.s 			page 19


 197:_commonCode_localized/heartbeat/1.21/heartbeat.c **** //Somehow it seems the program gets stuck with the heartbeat at half-brightness...
 198:_commonCode_localized/heartbeat/1.21/heartbeat.c **** //So main is still running, but the heart isn't incrementing!
 199:_commonCode_localized/heartbeat/1.21/heartbeat.c **** // So do the watchdog reset here...
 200:_commonCode_localized/heartbeat/1.21/heartbeat.c **** 
 201:_commonCode_localized/heartbeat/1.21/heartbeat.c **** //!!! Check This with WDT...
 202:_commonCode_localized/heartbeat/1.21/heartbeat.c **** //#warning "at what heart_reset() rate will getNextDesired never be called?"
 203:_commonCode_localized/heartbeat/1.21/heartbeat.c **** 	wdt_reset();
 331               		.stabn	68,0,203,.LM26-.LFBB5
 332               	.LM26:
 333               	/* #APP */
 334               	 ;  203 "_commonCode_localized/heartbeat/1.21/heartbeat.c" 1
 335 0090 A895      		wdr
 336               	 ;  0 "" 2
 204:_commonCode_localized/heartbeat/1.21/heartbeat.c **** 
 205:_commonCode_localized/heartbeat/1.21/heartbeat.c **** 	desired = (uint8_t)(heartModulator.power);
 337               		.stabn	68,0,205,.LM27-.LFBB5
 338               	.LM27:
 339               	/* #NOAPP */
 340 0092 8091 0000 		lds r24,heartModulator+3
 206:_commonCode_localized/heartbeat/1.21/heartbeat.c **** 
 207:_commonCode_localized/heartbeat/1.21/heartbeat.c **** 	desired += direction;
 341               		.stabn	68,0,207,.LM28-.LFBB5
 342               	.LM28:
 343 0096 2091 0000 		lds r18,direction.1613
 344 009a 022E      		mov __tmp_reg__,r18
 345 009c 000C      		lsl r0
 346 009e 330B      		sbc r19,r19
 347 00a0 820F      		add r24,r18
 348 00a2 932F      		mov r25,r19
 349 00a4 911D      		adc r25,__zero_reg__
 208:_commonCode_localized/heartbeat/1.21/heartbeat.c **** 	
 209:_commonCode_localized/heartbeat/1.21/heartbeat.c **** 	//Slightly slower not to have these internal to above, but also safer...
 210:_commonCode_localized/heartbeat/1.21/heartbeat.c **** 	
 211:_commonCode_localized/heartbeat/1.21/heartbeat.c **** 	if(desired >= HEART_MAXBRIGHT)
 350               		.stabn	68,0,211,.LM29-.LFBB5
 351               	.LM29:
 352 00a6 8F3F      		cpi r24,-1
 353 00a8 9105      		cpc r25,__zero_reg__
 354 00aa 04F0      		brlt .L15
 212:_commonCode_localized/heartbeat/1.21/heartbeat.c **** 	{
 213:_commonCode_localized/heartbeat/1.21/heartbeat.c **** 		desired = HEART_MAXBRIGHT;
 214:_commonCode_localized/heartbeat/1.21/heartbeat.c **** 		direction = -1;
 355               		.stabn	68,0,214,.LM30-.LFBB5
 356               	.LM30:
 357 00ac 8FEF      		ldi r24,lo8(-1)
 358 00ae 8093 0000 		sts direction.1613,r24
 213:_commonCode_localized/heartbeat/1.21/heartbeat.c **** 		direction = -1;
 359               		.stabn	68,0,213,.LM31-.LFBB5
 360               	.LM31:
 361 00b2 8FEF      		ldi r24,lo8(-1)
 362 00b4 90E0      		ldi r25,0
 363 00b6 0895      		ret
 364               	.L15:
 215:_commonCode_localized/heartbeat/1.21/heartbeat.c **** 	}	
 216:_commonCode_localized/heartbeat/1.21/heartbeat.c **** 
 217:_commonCode_localized/heartbeat/1.21/heartbeat.c **** 	if(desired <= 0)
 365               		.stabn	68,0,217,.LM32-.LFBB5
GAS LISTING /tmp/ccgVHAhg.s 			page 20


 366               	.LM32:
 367 00b8 1816      		cp __zero_reg__,r24
 368 00ba 1906      		cpc __zero_reg__,r25
 369 00bc 04F0      		brlt .L16
 218:_commonCode_localized/heartbeat/1.21/heartbeat.c **** 	{
 219:_commonCode_localized/heartbeat/1.21/heartbeat.c **** 		desired = 0;
 220:_commonCode_localized/heartbeat/1.21/heartbeat.c **** 		direction = +1;
 370               		.stabn	68,0,220,.LM33-.LFBB5
 371               	.LM33:
 372 00be 81E0      		ldi r24,lo8(1)
 373 00c0 8093 0000 		sts direction.1613,r24
 219:_commonCode_localized/heartbeat/1.21/heartbeat.c **** 		direction = +1;
 374               		.stabn	68,0,219,.LM34-.LFBB5
 375               	.LM34:
 376 00c4 80E0      		ldi r24,0
 377               	.L16:
 378               	/* epilogue start */
 221:_commonCode_localized/heartbeat/1.21/heartbeat.c **** 	}
 222:_commonCode_localized/heartbeat/1.21/heartbeat.c **** 	
 223:_commonCode_localized/heartbeat/1.21/heartbeat.c **** 	return (uint8_t)desired;
 224:_commonCode_localized/heartbeat/1.21/heartbeat.c **** }
 379               		.stabn	68,0,224,.LM35-.LFBB5
 380               	.LM35:
 381 00c6 0895      		ret
 382               		.size	getNextDesired, .-getNextDesired
 383               		.stabs	"direction:V(6,1)",38,0,193,direction.1613
 384               		.stabn	192,0,0,.LFBB5-.LFBB5
 385               		.stabn	224,0,0,.Lscope5-.LFBB5
 386               	.Lscope5:
 387               		.stabs	"",36,0,0,.Lscope5-.LFBB5
 388               		.stabd	78,0,0
 389               		.stabs	"set_heartBlink:F(0,50)",36,0,234,set_heartBlink
 390               		.stabs	"count:P(6,2)",64,0,234,24
 391               	.global	set_heartBlink
 392               		.type	set_heartBlink, @function
 393               	set_heartBlink:
 394               		.stabd	46,0,0
 225:_commonCode_localized/heartbeat/1.21/heartbeat.c **** 
 226:_commonCode_localized/heartbeat/1.21/heartbeat.c **** //Used for error-indication...
 227:_commonCode_localized/heartbeat/1.21/heartbeat.c **** // when 0, the heart fades as usual
 228:_commonCode_localized/heartbeat/1.21/heartbeat.c **** // when non-zero the heart blinks as follows:
 229:_commonCode_localized/heartbeat/1.21/heartbeat.c **** //  say heartBlink is 0xXY, it will blink Y times first, then X times
 230:_commonCode_localized/heartbeat/1.21/heartbeat.c **** //  then repeat...
 231:_commonCode_localized/heartbeat/1.21/heartbeat.c **** uint8_t heartBlink = 0;
 232:_commonCode_localized/heartbeat/1.21/heartbeat.c **** //#define TOGGLETIME	(250*DMS_MS)
 233:_commonCode_localized/heartbeat/1.21/heartbeat.c **** 
 234:_commonCode_localized/heartbeat/1.21/heartbeat.c **** void set_heartBlink(uint8_t count)
 235:_commonCode_localized/heartbeat/1.21/heartbeat.c **** {
 395               		.stabn	68,0,235,.LM36-.LFBB6
 396               	.LM36:
 397               	.LFBB6:
 398               	/* prologue: function */
 399               	/* frame size = 0 */
 400               	/* stack size = 0 */
 401               	.L__stack_usage = 0
 236:_commonCode_localized/heartbeat/1.21/heartbeat.c **** 	heartBlink = count;
 402               		.stabn	68,0,236,.LM37-.LFBB6
GAS LISTING /tmp/ccgVHAhg.s 			page 21


 403               	.LM37:
 404 00c8 8093 0000 		sts heartBlink,r24
 405               	/* epilogue start */
 237:_commonCode_localized/heartbeat/1.21/heartbeat.c **** }
 406               		.stabn	68,0,237,.LM38-.LFBB6
 407               	.LM38:
 408 00cc 0895      		ret
 409               		.size	set_heartBlink, .-set_heartBlink
 410               	.Lscope6:
 411               		.stabs	"",36,0,0,.Lscope6-.LFBB6
 412               		.stabd	78,0,0
 413               		.stabs	"blinkHeart:F(6,2)",36,0,244,blinkHeart
 414               		.stabs	"currentTime:P(9,1)",64,0,244,30
 415               	.global	blinkHeart
 416               		.type	blinkHeart, @function
 417               	blinkHeart:
 418               		.stabd	46,0,0
 238:_commonCode_localized/heartbeat/1.21/heartbeat.c **** 
 239:_commonCode_localized/heartbeat/1.21/heartbeat.c **** //Called by heartUpdate... used internally, only
 240:_commonCode_localized/heartbeat/1.21/heartbeat.c **** #if (_HEART_DMS_)
 241:_commonCode_localized/heartbeat/1.21/heartbeat.c **** #define TOGGLETIME   (250*DMS_MS)
 242:_commonCode_localized/heartbeat/1.21/heartbeat.c **** 
 243:_commonCode_localized/heartbeat/1.21/heartbeat.c **** #warning "This may get cut, if the blink-rate is longer than 6sec!"
 244:_commonCode_localized/heartbeat/1.21/heartbeat.c **** uint8_t blinkHeart(dms6sec_t currentTime)
 245:_commonCode_localized/heartbeat/1.21/heartbeat.c **** {
 419               		.stabn	68,0,245,.LM39-.LFBB7
 420               	.LM39:
 421               	.LFBB7:
 422               	/* prologue: function */
 423               	/* frame size = 0 */
 424               	/* stack size = 0 */
 425               	.L__stack_usage = 0
 426 00ce FC01      		movw r30,r24
 246:_commonCode_localized/heartbeat/1.21/heartbeat.c **** 	static dms6sec_t lastToggleTime = 0;
 247:_commonCode_localized/heartbeat/1.21/heartbeat.c **** #else
 248:_commonCode_localized/heartbeat/1.21/heartbeat.c **** #define TOGGLETIME   (2500)
 249:_commonCode_localized/heartbeat/1.21/heartbeat.c **** 	
 250:_commonCode_localized/heartbeat/1.21/heartbeat.c **** uint8_t blinkHeart(uint32_t currentTime)
 251:_commonCode_localized/heartbeat/1.21/heartbeat.c **** {
 252:_commonCode_localized/heartbeat/1.21/heartbeat.c **** 	static uint32_t lastToggleTime = 0;
 253:_commonCode_localized/heartbeat/1.21/heartbeat.c **** #endif
 254:_commonCode_localized/heartbeat/1.21/heartbeat.c **** 	static uint8_t toggleCount = 0;
 255:_commonCode_localized/heartbeat/1.21/heartbeat.c **** 
 256:_commonCode_localized/heartbeat/1.21/heartbeat.c **** 	//This is not THE high nibble
 257:_commonCode_localized/heartbeat/1.21/heartbeat.c **** 	// This is True or False depending on 
 258:_commonCode_localized/heartbeat/1.21/heartbeat.c **** 	//  whether thisNibble is the high nibble
 259:_commonCode_localized/heartbeat/1.21/heartbeat.c **** 	static uint8_t highNibble = 0;
 260:_commonCode_localized/heartbeat/1.21/heartbeat.c **** 	
 261:_commonCode_localized/heartbeat/1.21/heartbeat.c **** 
 262:_commonCode_localized/heartbeat/1.21/heartbeat.c **** 	uint8_t thisNibble = heartBlink;
 427               		.stabn	68,0,262,.LM40-.LFBB7
 428               	.LM40:
 429 00d0 8091 0000 		lds r24,heartBlink
 430 00d4 282F      		mov r18,r24
 431 00d6 2F70      		andi r18,lo8(15)
 263:_commonCode_localized/heartbeat/1.21/heartbeat.c **** 
 264:_commonCode_localized/heartbeat/1.21/heartbeat.c **** 	//If both nibbles are filled, process them as specified
GAS LISTING /tmp/ccgVHAhg.s 			page 22


 265:_commonCode_localized/heartbeat/1.21/heartbeat.c **** 	if((heartBlink & 0xf0) && (heartBlink & 0x0f))
 432               		.stabn	68,0,265,.LM41-.LFBB7
 433               	.LM41:
 434 00d8 982F      		mov r25,r24
 435 00da 907F      		andi r25,lo8(-16)
 436 00dc 01F0      		breq .L19
 437               		.stabn	68,0,265,.LM42-.LFBB7
 438               	.LM42:
 439 00de 2111      		cpse r18,__zero_reg__
 440 00e0 00C0      		rjmp .L20
 266:_commonCode_localized/heartbeat/1.21/heartbeat.c **** 	{	//Fall through and toggle...
 267:_commonCode_localized/heartbeat/1.21/heartbeat.c **** 	}
 268:_commonCode_localized/heartbeat/1.21/heartbeat.c **** 	//Otherwise just process the one that's filled
 269:_commonCode_localized/heartbeat/1.21/heartbeat.c **** 	// to avoid long delays and hopefully make it easier to determine which
 270:_commonCode_localized/heartbeat/1.21/heartbeat.c **** 	// nibble is filled...
 271:_commonCode_localized/heartbeat/1.21/heartbeat.c **** 	else if(heartBlink & 0x0f)
 272:_commonCode_localized/heartbeat/1.21/heartbeat.c **** 		highNibble = 0;
 273:_commonCode_localized/heartbeat/1.21/heartbeat.c **** 	else if(heartBlink & 0xf0)
 274:_commonCode_localized/heartbeat/1.21/heartbeat.c **** 		highNibble = 1;
 441               		.stabn	68,0,274,.LM43-.LFBB7
 442               	.LM43:
 443 00e2 91E0      		ldi r25,lo8(1)
 444 00e4 9093 0000 		sts highNibble.1624,r25
 445 00e8 00C0      		rjmp .L20
 446               	.L19:
 271:_commonCode_localized/heartbeat/1.21/heartbeat.c **** 		highNibble = 0;
 447               		.stabn	68,0,271,.LM44-.LFBB7
 448               	.LM44:
 449 00ea 2111      		cpse r18,__zero_reg__
 272:_commonCode_localized/heartbeat/1.21/heartbeat.c **** 	else if(heartBlink & 0xf0)
 450               		.stabn	68,0,272,.LM45-.LFBB7
 451               	.LM45:
 452 00ec 1092 0000 		sts highNibble.1624,__zero_reg__
 453               	.L20:
 275:_commonCode_localized/heartbeat/1.21/heartbeat.c **** 
 276:_commonCode_localized/heartbeat/1.21/heartbeat.c **** 	//Fill the appropriate nibble for blinking...
 277:_commonCode_localized/heartbeat/1.21/heartbeat.c **** 	if(highNibble)
 454               		.stabn	68,0,277,.LM46-.LFBB7
 455               	.LM46:
 456 00f0 3091 0000 		lds r19,highNibble.1624
 457 00f4 3323      		tst r19
 458 00f6 01F0      		breq .L22
 278:_commonCode_localized/heartbeat/1.21/heartbeat.c **** 		thisNibble = (thisNibble & 0xf0) >> 4;
 459               		.stabn	68,0,278,.LM47-.LFBB7
 460               	.LM47:
 461 00f8 282F      		mov r18,r24
 462 00fa 2295      		swap r18
 463 00fc 2F70      		andi r18,lo8(15)
 464               	.L22:
 279:_commonCode_localized/heartbeat/1.21/heartbeat.c **** 	else
 280:_commonCode_localized/heartbeat/1.21/heartbeat.c **** 		thisNibble = (thisNibble & 0x0f);
 281:_commonCode_localized/heartbeat/1.21/heartbeat.c **** 
 282:_commonCode_localized/heartbeat/1.21/heartbeat.c **** 	//Blink the proper number of times
 283:_commonCode_localized/heartbeat/1.21/heartbeat.c **** 	if((toggleCount>>1) < thisNibble)
 465               		.stabn	68,0,283,.LM48-.LFBB7
 466               	.LM48:
 467 00fe 9091 0000 		lds r25,toggleCount.1623
GAS LISTING /tmp/ccgVHAhg.s 			page 23


 468 0102 4091 0000 		lds r20,lastToggleTime.1622
 469 0106 5091 0000 		lds r21,lastToggleTime.1622+1
 470 010a BF01      		movw r22,r30
 471 010c 641B      		sub r22,r20
 472 010e 750B      		sbc r23,r21
 473 0110 AB01      		movw r20,r22
 474 0112 892F      		mov r24,r25
 475 0114 8695      		lsr r24
 476 0116 8217      		cp r24,r18
 477 0118 00F4      		brsh .L23
 284:_commonCode_localized/heartbeat/1.21/heartbeat.c **** 	{
 285:_commonCode_localized/heartbeat/1.21/heartbeat.c **** 		if(currentTime - lastToggleTime > TOGGLETIME)
 478               		.stabn	68,0,285,.LM49-.LFBB7
 479               	.LM49:
 480 011a 453C      		cpi r20,-59
 481 011c 5940      		sbci r21,9
 482 011e 00F0      		brlo .L24
 286:_commonCode_localized/heartbeat/1.21/heartbeat.c **** 		{
 287:_commonCode_localized/heartbeat/1.21/heartbeat.c **** 			lastToggleTime = currentTime;
 483               		.stabn	68,0,287,.LM50-.LFBB7
 484               	.LM50:
 485 0120 F093 0000 		sts lastToggleTime.1622+1,r31
 486 0124 E093 0000 		sts lastToggleTime.1622,r30
 288:_commonCode_localized/heartbeat/1.21/heartbeat.c **** 			toggleCount++;
 487               		.stabn	68,0,288,.LM51-.LFBB7
 488               	.LM51:
 489 0128 9F5F      		subi r25,lo8(-(1))
 490 012a 9093 0000 		sts toggleCount.1623,r25
 491               	.L24:
 289:_commonCode_localized/heartbeat/1.21/heartbeat.c **** 		}
 290:_commonCode_localized/heartbeat/1.21/heartbeat.c **** 	}
 291:_commonCode_localized/heartbeat/1.21/heartbeat.c **** 	//Wait for a while
 292:_commonCode_localized/heartbeat/1.21/heartbeat.c **** #warning "There may be some integer promotion issues here..."
 293:_commonCode_localized/heartbeat/1.21/heartbeat.c **** 	else if(currentTime - lastToggleTime > 
 294:_commonCode_localized/heartbeat/1.21/heartbeat.c **** 						(((uint32_t)(TOGGLETIME * 8))<<(highNibble)))
 295:_commonCode_localized/heartbeat/1.21/heartbeat.c **** 	{
 296:_commonCode_localized/heartbeat/1.21/heartbeat.c **** 		toggleCount = 0;
 297:_commonCode_localized/heartbeat/1.21/heartbeat.c **** 		lastToggleTime = currentTime;
 298:_commonCode_localized/heartbeat/1.21/heartbeat.c **** 		//Only valid if both nibbles are filled (see above)
 299:_commonCode_localized/heartbeat/1.21/heartbeat.c **** 		highNibble = !highNibble;
 300:_commonCode_localized/heartbeat/1.21/heartbeat.c **** 	}
 301:_commonCode_localized/heartbeat/1.21/heartbeat.c **** 
 302:_commonCode_localized/heartbeat/1.21/heartbeat.c **** 	//(actually, the new value, at this point... but will be the last soon)
 303:_commonCode_localized/heartbeat/1.21/heartbeat.c **** 	return !getbit(0, toggleCount);
 492               		.stabn	68,0,303,.LM52-.LFBB7
 493               	.LM52:
 494 012e 8091 0000 		lds r24,toggleCount.1623
 495 0132 8095      		com r24
 304:_commonCode_localized/heartbeat/1.21/heartbeat.c **** }
 496               		.stabn	68,0,304,.LM53-.LFBB7
 497               	.LM53:
 498 0134 8170      		andi r24,lo8(1)
 499               	/* epilogue start */
 500 0136 0895      		ret
 501               	.L23:
 293:_commonCode_localized/heartbeat/1.21/heartbeat.c **** 						(((uint32_t)(TOGGLETIME * 8))<<(highNibble)))
 502               		.stabn	68,0,293,.LM54-.LFBB7
GAS LISTING /tmp/ccgVHAhg.s 			page 24


 503               	.LM54:
 504 0138 70E0      		ldi r23,0
 505 013a 60E0      		ldi r22,0
 294:_commonCode_localized/heartbeat/1.21/heartbeat.c **** 	{
 506               		.stabn	68,0,294,.LM55-.LFBB7
 507               	.LM55:
 508 013c 80E2      		ldi r24,lo8(32)
 509 013e 9EE4      		ldi r25,lo8(78)
 510 0140 A0E0      		ldi r26,0
 511 0142 B0E0      		ldi r27,0
 512 0144 032E      		mov r0,r19
 513 0146 00C0      		rjmp 2f
 514               		1:
 515 0148 880F      		lsl r24
 516 014a 991F      		rol r25
 517 014c AA1F      		rol r26
 518 014e BB1F      		rol r27
 519               		2:
 520 0150 0A94      		dec r0
 521 0152 02F4      		brpl 1b
 293:_commonCode_localized/heartbeat/1.21/heartbeat.c **** 						(((uint32_t)(TOGGLETIME * 8))<<(highNibble)))
 522               		.stabn	68,0,293,.LM56-.LFBB7
 523               	.LM56:
 524 0154 8417      		cp r24,r20
 525 0156 9507      		cpc r25,r21
 526 0158 A607      		cpc r26,r22
 527 015a B707      		cpc r27,r23
 528 015c 00F4      		brsh .L24
 296:_commonCode_localized/heartbeat/1.21/heartbeat.c **** 		lastToggleTime = currentTime;
 529               		.stabn	68,0,296,.LM57-.LFBB7
 530               	.LM57:
 531 015e 1092 0000 		sts toggleCount.1623,__zero_reg__
 297:_commonCode_localized/heartbeat/1.21/heartbeat.c **** 		//Only valid if both nibbles are filled (see above)
 532               		.stabn	68,0,297,.LM58-.LFBB7
 533               	.LM58:
 534 0162 F093 0000 		sts lastToggleTime.1622+1,r31
 535 0166 E093 0000 		sts lastToggleTime.1622,r30
 299:_commonCode_localized/heartbeat/1.21/heartbeat.c **** 	}
 536               		.stabn	68,0,299,.LM59-.LFBB7
 537               	.LM59:
 538 016a 81E0      		ldi r24,lo8(1)
 539 016c 3111      		cpse r19,__zero_reg__
 540 016e 80E0      		ldi r24,0
 541               	.L25:
 542 0170 8093 0000 		sts highNibble.1624,r24
 543 0174 00C0      		rjmp .L24
 544               		.size	blinkHeart, .-blinkHeart
 545               		.stabs	"lastToggleTime:V(9,1)",38,0,246,lastToggleTime.1622
 546               		.stabs	"toggleCount:V(6,2)",38,0,254,toggleCount.1623
 547               		.stabs	"highNibble:V(6,2)",38,0,259,highNibble.1624
 548               		.stabn	192,0,0,.LFBB7-.LFBB7
 549               		.stabn	224,0,0,.Lscope7-.LFBB7
 550               	.Lscope7:
 551               		.stabs	"",36,0,0,.Lscope7-.LFBB7
 552               		.stabd	78,0,0
 553               		.stabs	"heartUpdate:F(6,2)",36,0,307,heartUpdate
 554               	.global	heartUpdate
GAS LISTING /tmp/ccgVHAhg.s 			page 25


 555               		.type	heartUpdate, @function
 556               	heartUpdate:
 557               		.stabd	46,0,0
 305:_commonCode_localized/heartbeat/1.21/heartbeat.c **** 
 306:_commonCode_localized/heartbeat/1.21/heartbeat.c **** 
 307:_commonCode_localized/heartbeat/1.21/heartbeat.c **** uint8_t heartUpdate(void)
 308:_commonCode_localized/heartbeat/1.21/heartbeat.c **** {	
 558               		.stabn	68,0,308,.LM60-.LFBB8
 559               	.LM60:
 560               	.LFBB8:
 561 0176 CF92      		push r12
 562 0178 DF92      		push r13
 563 017a EF92      		push r14
 564 017c FF92      		push r15
 565               	/* prologue: function */
 566               	/* frame size = 0 */
 567               	/* stack size = 4 */
 568               	.L__stack_usage = 4
 309:_commonCode_localized/heartbeat/1.21/heartbeat.c **** //	static uint32_t lastTime = 0;
 310:_commonCode_localized/heartbeat/1.21/heartbeat.c **** 	
 311:_commonCode_localized/heartbeat/1.21/heartbeat.c **** #if (_HEART_DMS_)
 312:_commonCode_localized/heartbeat/1.21/heartbeat.c **** 	static dms6sec_t lastTime = 0;
 313:_commonCode_localized/heartbeat/1.21/heartbeat.c **** 	
 314:_commonCode_localized/heartbeat/1.21/heartbeat.c **** //	uint32_t currentTime;
 315:_commonCode_localized/heartbeat/1.21/heartbeat.c **** 	dms6sec_t currentTime;
 316:_commonCode_localized/heartbeat/1.21/heartbeat.c **** 	
 317:_commonCode_localized/heartbeat/1.21/heartbeat.c **** 	currentTime = dmsGetTime();
 569               		.stabn	68,0,317,.LM61-.LFBB8
 570               	.LM61:
 571 017e 00D0      		rcall dmsGetTime
 572 0180 6B01      		movw r12,r22
 318:_commonCode_localized/heartbeat/1.21/heartbeat.c **** //	currentTime = dmsGet6sec();
 319:_commonCode_localized/heartbeat/1.21/heartbeat.c **** 	
 320:_commonCode_localized/heartbeat/1.21/heartbeat.c **** 	//HEARTSTEPTIME isn't 100% accurate, especially if this isn't accessed often enough...
 321:_commonCode_localized/heartbeat/1.21/heartbeat.c **** 	//heartStepTime is in dms...
 322:_commonCode_localized/heartbeat/1.21/heartbeat.c **** //	if((currentTime - lastTime) > ((dms6sec_t)heartStepTime))
 323:_commonCode_localized/heartbeat/1.21/heartbeat.c **** //	{
 324:_commonCode_localized/heartbeat/1.21/heartbeat.c **** #else
 325:_commonCode_localized/heartbeat/1.21/heartbeat.c **** 	static uint32_t lastTime = 0;
 326:_commonCode_localized/heartbeat/1.21/heartbeat.c **** 	
 327:_commonCode_localized/heartbeat/1.21/heartbeat.c **** 	static uint32_t currentTime = 0;
 328:_commonCode_localized/heartbeat/1.21/heartbeat.c **** 	currentTime++;
 329:_commonCode_localized/heartbeat/1.21/heartbeat.c **** 
 330:_commonCode_localized/heartbeat/1.21/heartbeat.c **** //	if(currentTime - lastTime > (HEART_ITERATIONCOUNT>>heartRate))
 331:_commonCode_localized/heartbeat/1.21/heartbeat.c **** 	//heartStepTime is number of updates, no corelation with actual seconds..
 332:_commonCode_localized/heartbeat/1.21/heartbeat.c **** //#warning "heartStepTime without dms is untested"
 333:_commonCode_localized/heartbeat/1.21/heartbeat.c **** #endif
 334:_commonCode_localized/heartbeat/1.21/heartbeat.c **** 
 335:_commonCode_localized/heartbeat/1.21/heartbeat.c **** 	if((currentTime - lastTime) > heartStepTime)
 573               		.stabn	68,0,335,.LM62-.LFBB8
 574               	.LM62:
 575 0182 8091 0000 		lds r24,lastTime.1629
 576 0186 9091 0000 		lds r25,lastTime.1629+1
 577 018a 9601      		movw r18,r12
 578 018c 281B      		sub r18,r24
 579 018e 390B      		sbc r19,r25
 580 0190 8091 0000 		lds r24,heartStepTime
GAS LISTING /tmp/ccgVHAhg.s 			page 26


 581 0194 9091 0000 		lds r25,heartStepTime+1
 582 0198 8217      		cp r24,r18
 583 019a 9307      		cpc r25,r19
 584 019c 00F4      		brsh .L37
 336:_commonCode_localized/heartbeat/1.21/heartbeat.c **** 	{
 337:_commonCode_localized/heartbeat/1.21/heartbeat.c **** 		lastTime = currentTime;
 585               		.stabn	68,0,337,.LM63-.LFBB8
 586               	.LM63:
 587 019e D092 0000 		sts lastTime.1629+1,r13
 588 01a2 C092 0000 		sts lastTime.1629,r12
 338:_commonCode_localized/heartbeat/1.21/heartbeat.c **** 
 339:_commonCode_localized/heartbeat/1.21/heartbeat.c **** 		hfm_setPower(&heartModulator, getNextDesired());
 589               		.stabn	68,0,339,.LM64-.LFBB8
 590               	.LM64:
 591 01a6 00D0      		rcall getNextDesired
 592 01a8 682F      		mov r22,r24
 593 01aa 80E0      		ldi r24,lo8(heartModulator)
 594 01ac 90E0      		ldi r25,hi8(heartModulator)
 595 01ae 00D0      		rcall hfm_setPower
 596               	.L37:
 340:_commonCode_localized/heartbeat/1.21/heartbeat.c **** 	}
 341:_commonCode_localized/heartbeat/1.21/heartbeat.c **** 
 342:_commonCode_localized/heartbeat/1.21/heartbeat.c **** 
 343:_commonCode_localized/heartbeat/1.21/heartbeat.c **** //		Without inverter, LED tied high:
 344:_commonCode_localized/heartbeat/1.21/heartbeat.c **** //			LED-ON		(DDR = H-out,	PORT = L)
 345:_commonCode_localized/heartbeat/1.21/heartbeat.c **** //			LED-OFF/IN	(DDR = L-in,	PORT = H-pull-up)
 346:_commonCode_localized/heartbeat/1.21/heartbeat.c **** //				(If IN is tied LOW, the LED will be ON)
 347:_commonCode_localized/heartbeat/1.21/heartbeat.c **** //		With inverter, LED tied high, no resistors:
 348:_commonCode_localized/heartbeat/1.21/heartbeat.c **** //			LED-OFF		(DDR = H-out,	PORT = L)
 349:_commonCode_localized/heartbeat/1.21/heartbeat.c **** //			LED-ON/IN	(DDR = L-in,	PORT = H-pull-up)
 350:_commonCode_localized/heartbeat/1.21/heartbeat.c **** //				(If IN is tied LOW, the LED will be OFF)
 351:_commonCode_localized/heartbeat/1.21/heartbeat.c **** 	//determine whether the LED should be on or off based on the HFM
 352:_commonCode_localized/heartbeat/1.21/heartbeat.c **** 	// return TRUE if the pin is available as an input
 353:_commonCode_localized/heartbeat/1.21/heartbeat.c **** 	uint8_t ledVal;
 354:_commonCode_localized/heartbeat/1.21/heartbeat.c **** 
 355:_commonCode_localized/heartbeat/1.21/heartbeat.c **** 	if(heartBlink)
 597               		.stabn	68,0,355,.LM65-.LFBB8
 598               	.LM65:
 599 01b0 8091 0000 		lds r24,heartBlink
 600 01b4 8823      		tst r24
 601 01b6 01F0      		breq .L38
 356:_commonCode_localized/heartbeat/1.21/heartbeat.c **** 		ledVal = blinkHeart(currentTime);
 602               		.stabn	68,0,356,.LM66-.LFBB8
 603               	.LM66:
 604 01b8 C601      		movw r24,r12
 605 01ba 00D0      		rcall blinkHeart
 606               	.L39:
 357:_commonCode_localized/heartbeat/1.21/heartbeat.c **** 		//ledVal = blinkHeart((dms6sec_t)currentTime);
 358:_commonCode_localized/heartbeat/1.21/heartbeat.c **** 	else
 359:_commonCode_localized/heartbeat/1.21/heartbeat.c **** 		ledVal = hfm_nextOutput(&heartModulator);
 360:_commonCode_localized/heartbeat/1.21/heartbeat.c **** 
 361:_commonCode_localized/heartbeat/1.21/heartbeat.c **** 	if(ledVal)
 607               		.stabn	68,0,361,.LM67-.LFBB8
 608               	.LM67:
 609 01bc 8823      		tst r24
 610 01be 01F0      		breq .L40
 611               	.LBB24:
GAS LISTING /tmp/ccgVHAhg.s 			page 27


 362:_commonCode_localized/heartbeat/1.21/heartbeat.c **** 	{
 363:_commonCode_localized/heartbeat/1.21/heartbeat.c **** #if (!defined(HEARTPIN_HARDCODED) || !HEARTPIN_HARDCODED)
 364:_commonCode_localized/heartbeat/1.21/heartbeat.c **** 		if(ledConnection == LED_DIRECT_HIGH)
 365:_commonCode_localized/heartbeat/1.21/heartbeat.c **** 		{
 366:_commonCode_localized/heartbeat/1.21/heartbeat.c **** 			//Set the direction first, so there's not a short short with the input switch
 367:_commonCode_localized/heartbeat/1.21/heartbeat.c **** 			//DDR = L,in
 368:_commonCode_localized/heartbeat/1.21/heartbeat.c **** 			setinVar(heartBeatPin, heartPIN);
 369:_commonCode_localized/heartbeat/1.21/heartbeat.c **** 			//PORT = H,pull-up
 370:_commonCode_localized/heartbeat/1.21/heartbeat.c **** 			setpuVar(heartBeatPin, heartPIN);
 371:_commonCode_localized/heartbeat/1.21/heartbeat.c **** 		}
 372:_commonCode_localized/heartbeat/1.21/heartbeat.c **** 		else if(ledConnection == LED_INVERTED)
 373:_commonCode_localized/heartbeat/1.21/heartbeat.c **** 		{
 374:_commonCode_localized/heartbeat/1.21/heartbeat.c **** 			//Shouldn't be necessary, but might as well...
 375:_commonCode_localized/heartbeat/1.21/heartbeat.c **** 			setoutVar(heartBeatPin, heartPIN);
 376:_commonCode_localized/heartbeat/1.21/heartbeat.c **** 			setpinVar(heartBeatPin, heartPIN);
 377:_commonCode_localized/heartbeat/1.21/heartbeat.c **** 		}
 378:_commonCode_localized/heartbeat/1.21/heartbeat.c **** #else
 379:_commonCode_localized/heartbeat/1.21/heartbeat.c ****  #if (HEART_LEDCONNECTION == LED_DIRECT_HIGH)
 380:_commonCode_localized/heartbeat/1.21/heartbeat.c **** 		setinPORT(HEART_PINNUM, HEART_PINPORT);
 612               		.stabn	68,0,380,.LM68-.LFBB8
 613               	.LM68:
 614 01c0 B998      		cbi 0x17,1
 381:_commonCode_localized/heartbeat/1.21/heartbeat.c **** 		setpuPORT(HEART_PINNUM, HEART_PINPORT);
 615               		.stabn	68,0,381,.LM69-.LFBB8
 616               	.LM69:
 617 01c2 C19A      		sbi 0x18,1
 618 01c4 81E0      		ldi r24,lo8(1)
 619               	.L36:
 620               	/* epilogue start */
 621               	.LBE24:
 382:_commonCode_localized/heartbeat/1.21/heartbeat.c ****  #elif (HEART_LEDCONNECTION == LED_INVERTED)
 383:_commonCode_localized/heartbeat/1.21/heartbeat.c **** 		setoutPORT(HEART_PINNUM, HEART_PINPORT);
 384:_commonCode_localized/heartbeat/1.21/heartbeat.c **** 		setpinPORT(HEART_PINNUM, HEART_PINPORT);
 385:_commonCode_localized/heartbeat/1.21/heartbeat.c ****  #else
 386:_commonCode_localized/heartbeat/1.21/heartbeat.c **** 	#error "Not Handled..."
 387:_commonCode_localized/heartbeat/1.21/heartbeat.c ****  #endif
 388:_commonCode_localized/heartbeat/1.21/heartbeat.c **** #endif
 389:_commonCode_localized/heartbeat/1.21/heartbeat.c **** 		return TRUE;
 390:_commonCode_localized/heartbeat/1.21/heartbeat.c **** 	}
 391:_commonCode_localized/heartbeat/1.21/heartbeat.c **** 	else
 392:_commonCode_localized/heartbeat/1.21/heartbeat.c **** 	{
 393:_commonCode_localized/heartbeat/1.21/heartbeat.c **** #if (!defined(HEARTPIN_HARDCODED) || !HEARTPIN_HARDCODED)
 394:_commonCode_localized/heartbeat/1.21/heartbeat.c **** 		//This should be the same for either case...
 395:_commonCode_localized/heartbeat/1.21/heartbeat.c **** 		
 396:_commonCode_localized/heartbeat/1.21/heartbeat.c **** 		//Set the port first, so there's not a short 
 397:_commonCode_localized/heartbeat/1.21/heartbeat.c **** 		//(there may be an instant of floating on the input of an inverter)
 398:_commonCode_localized/heartbeat/1.21/heartbeat.c **** 		//PORT = L
 399:_commonCode_localized/heartbeat/1.21/heartbeat.c **** 		clrpinVar(heartBeatPin, heartPIN);
 400:_commonCode_localized/heartbeat/1.21/heartbeat.c **** 		//DDR = H,out
 401:_commonCode_localized/heartbeat/1.21/heartbeat.c **** 		setoutVar(heartBeatPin, heartPIN);
 402:_commonCode_localized/heartbeat/1.21/heartbeat.c **** #else
 403:_commonCode_localized/heartbeat/1.21/heartbeat.c **** 		clrpinPORT(HEART_PINNUM, HEART_PINPORT);
 404:_commonCode_localized/heartbeat/1.21/heartbeat.c **** 		setoutPORT(HEART_PINNUM, HEART_PINPORT);
 405:_commonCode_localized/heartbeat/1.21/heartbeat.c **** #endif
 406:_commonCode_localized/heartbeat/1.21/heartbeat.c **** 		return FALSE;
 407:_commonCode_localized/heartbeat/1.21/heartbeat.c **** 	}
 408:_commonCode_localized/heartbeat/1.21/heartbeat.c **** 
GAS LISTING /tmp/ccgVHAhg.s 			page 28


 409:_commonCode_localized/heartbeat/1.21/heartbeat.c **** }
 622               		.stabn	68,0,409,.LM70-.LFBB8
 623               	.LM70:
 624 01c6 FF90      		pop r15
 625 01c8 EF90      		pop r14
 626 01ca DF90      		pop r13
 627 01cc CF90      		pop r12
 628 01ce 0895      		ret
 629               	.L38:
 359:_commonCode_localized/heartbeat/1.21/heartbeat.c **** 
 630               		.stabn	68,0,359,.LM71-.LFBB8
 631               	.LM71:
 632 01d0 80E0      		ldi r24,lo8(heartModulator)
 633 01d2 90E0      		ldi r25,hi8(heartModulator)
 634 01d4 00D0      		rcall hfm_nextOutput
 635 01d6 00C0      		rjmp .L39
 636               	.L40:
 403:_commonCode_localized/heartbeat/1.21/heartbeat.c **** 		setoutPORT(HEART_PINNUM, HEART_PINPORT);
 637               		.stabn	68,0,403,.LM72-.LFBB8
 638               	.LM72:
 639 01d8 C198      		cbi 0x18,1
 404:_commonCode_localized/heartbeat/1.21/heartbeat.c **** #endif
 640               		.stabn	68,0,404,.LM73-.LFBB8
 641               	.LM73:
 642 01da B99A      		sbi 0x17,1
 406:_commonCode_localized/heartbeat/1.21/heartbeat.c **** 	}
 643               		.stabn	68,0,406,.LM74-.LFBB8
 644               	.LM74:
 645 01dc 00C0      		rjmp .L36
 646               		.size	heartUpdate, .-heartUpdate
 647               		.stabs	"lastTime:V(9,1)",38,0,312,lastTime.1629
 648               		.stabs	"ledVal:r(6,2)",64,0,353,24
 649               		.stabn	192,0,0,.LFBB8-.LFBB8
 650               		.stabn	224,0,0,.Lscope8-.LFBB8
 651               	.Lscope8:
 652               		.stabs	"",36,0,0,.Lscope8-.LFBB8
 653               		.stabd	78,0,0
 654               		.stabs	"heartupdate:F(0,50)",36,0,74,heartupdate
 655               	.global	heartupdate
 656               		.type	heartupdate, @function
 657               	heartupdate:
 658               		.stabd	46,0,0
  75:_commonCode_localized/heartbeat/1.21/heartbeat.c **** 	heartUpdate();
 659               		.stabn	68,0,75,.LM75-.LFBB9
 660               	.LM75:
 661               	.LFBB9:
 662               	/* prologue: function */
 663               	/* frame size = 0 */
 664               	/* stack size = 0 */
 665               	.L__stack_usage = 0
  76:_commonCode_localized/heartbeat/1.21/heartbeat.c **** }
 666               		.stabn	68,0,76,.LM76-.LFBB9
 667               	.LM76:
 668 01de 00C0      		rjmp heartUpdate
 669               		.size	heartupdate, .-heartupdate
 670               	.Lscope9:
 671               		.stabs	"",36,0,0,.Lscope9-.LFBB9
GAS LISTING /tmp/ccgVHAhg.s 			page 29


 672               		.stabd	78,0,0
 673               		.stabs	"heartPinInputPoll:F(6,2)",36,0,414,heartPinInputPoll
 674               	.global	heartPinInputPoll
 675               		.type	heartPinInputPoll, @function
 676               	heartPinInputPoll:
 677               		.stabd	46,0,0
 410:_commonCode_localized/heartbeat/1.21/heartbeat.c **** 
 411:_commonCode_localized/heartbeat/1.21/heartbeat.c **** #if (!defined(HEART_INPUTPOLLING_UNUSED) || !HEART_INPUTPOLLING_UNUSED)
 412:_commonCode_localized/heartbeat/1.21/heartbeat.c **** // This value's arbitrary... works with tabletBluetoother 3...
 413:_commonCode_localized/heartbeat/1.21/heartbeat.c **** #define HEART_PULLUP_DELAY 3
 414:_commonCode_localized/heartbeat/1.21/heartbeat.c **** uint8_t heartPinInputPoll(void)
 415:_commonCode_localized/heartbeat/1.21/heartbeat.c **** {
 678               		.stabn	68,0,415,.LM77-.LFBB10
 679               	.LM77:
 680               	.LFBB10:
 681               	/* prologue: function */
 682               	/* frame size = 0 */
 683               	/* stack size = 0 */
 684               	.L__stack_usage = 0
 416:_commonCode_localized/heartbeat/1.21/heartbeat.c **** 	uint8_t pinState;
 417:_commonCode_localized/heartbeat/1.21/heartbeat.c **** 	
 418:_commonCode_localized/heartbeat/1.21/heartbeat.c **** #if (!defined(HEARTPIN_HARDCODED) || !HEARTPIN_HARDCODED)
 419:_commonCode_localized/heartbeat/1.21/heartbeat.c **** 	//Make the pin an input, pulled-up
 420:_commonCode_localized/heartbeat/1.21/heartbeat.c **** 	//OLD:Set the pullup first so it doesn't take so long to raise...
 421:_commonCode_localized/heartbeat/1.21/heartbeat.c **** 	//Set input first so we don't short the output (PORT=H,pu) to ground
 422:_commonCode_localized/heartbeat/1.21/heartbeat.c **** 	setinVar(heartBeatPin, heartPIN);
 423:_commonCode_localized/heartbeat/1.21/heartbeat.c **** 	//PORT = H, pull-up
 424:_commonCode_localized/heartbeat/1.21/heartbeat.c **** 	setpuVar(heartBeatPin, heartPIN);
 425:_commonCode_localized/heartbeat/1.21/heartbeat.c **** 
 426:_commonCode_localized/heartbeat/1.21/heartbeat.c **** 	//Insert a delay to allow the pull-up to rise...
 427:_commonCode_localized/heartbeat/1.21/heartbeat.c **** 	uint8_t delay; 
 428:_commonCode_localized/heartbeat/1.21/heartbeat.c **** 	for(delay = 0; delay < HEART_PULLUP_DELAY; delay++)
 429:_commonCode_localized/heartbeat/1.21/heartbeat.c **** 	{  
 430:_commonCode_localized/heartbeat/1.21/heartbeat.c **** 	   //Necessary or this'll be optimised-out
 431:_commonCode_localized/heartbeat/1.21/heartbeat.c **** 	   asm("nop;");
 432:_commonCode_localized/heartbeat/1.21/heartbeat.c **** 	}
 433:_commonCode_localized/heartbeat/1.21/heartbeat.c **** 
 434:_commonCode_localized/heartbeat/1.21/heartbeat.c **** 	pinState = getpinVar(heartBeatPin, heartPIN);
 435:_commonCode_localized/heartbeat/1.21/heartbeat.c **** #else
 436:_commonCode_localized/heartbeat/1.21/heartbeat.c **** 	setinPORT(HEART_PINNUM, HEART_PINPORT);
 685               		.stabn	68,0,436,.LM78-.LFBB10
 686               	.LM78:
 687 01e0 B998      		cbi 0x17,1
 437:_commonCode_localized/heartbeat/1.21/heartbeat.c **** 	setpuPORT(HEART_PINNUM, HEART_PINPORT);
 688               		.stabn	68,0,437,.LM79-.LFBB10
 689               	.LM79:
 690 01e2 C19A      		sbi 0x18,1
 438:_commonCode_localized/heartbeat/1.21/heartbeat.c **** 
 439:_commonCode_localized/heartbeat/1.21/heartbeat.c **** 	//Insert a delay to allow the pull-up to rise...
 440:_commonCode_localized/heartbeat/1.21/heartbeat.c **** 	uint8_t delay;
 441:_commonCode_localized/heartbeat/1.21/heartbeat.c **** 	for(delay = 0; delay < HEART_PULLUP_DELAY; delay++)
 442:_commonCode_localized/heartbeat/1.21/heartbeat.c **** 	{
 443:_commonCode_localized/heartbeat/1.21/heartbeat.c **** 		//Necessary or this'll be optimised-out
 444:_commonCode_localized/heartbeat/1.21/heartbeat.c **** 		asm("nop;");
 691               		.stabn	68,0,444,.LM80-.LFBB10
 692               	.LM80:
 693               	/* #APP */
GAS LISTING /tmp/ccgVHAhg.s 			page 30


 694               	 ;  444 "_commonCode_localized/heartbeat/1.21/heartbeat.c" 1
 695 01e4 0000      		nop;
 696               	 ;  0 "" 2
 697               	 ;  444 "_commonCode_localized/heartbeat/1.21/heartbeat.c" 1
 698 01e6 0000      		nop;
 699               	 ;  0 "" 2
 700               	 ;  444 "_commonCode_localized/heartbeat/1.21/heartbeat.c" 1
 701 01e8 0000      		nop;
 702               	 ;  0 "" 2
 445:_commonCode_localized/heartbeat/1.21/heartbeat.c **** 	}
 446:_commonCode_localized/heartbeat/1.21/heartbeat.c **** 
 447:_commonCode_localized/heartbeat/1.21/heartbeat.c **** 	pinState = getpinPORT(HEART_PINNUM, HEART_PINPORT);
 703               		.stabn	68,0,447,.LM81-.LFBB10
 704               	.LM81:
 705               	/* #NOAPP */
 706 01ea 86B3      		in r24,0x16
 448:_commonCode_localized/heartbeat/1.21/heartbeat.c **** #endif
 449:_commonCode_localized/heartbeat/1.21/heartbeat.c **** 
 450:_commonCode_localized/heartbeat/1.21/heartbeat.c **** 	//Leave the pinstate to be updated with next heartUpdate
 451:_commonCode_localized/heartbeat/1.21/heartbeat.c **** 	// to assure valid/safe values of PORT and DDR...
 452:_commonCode_localized/heartbeat/1.21/heartbeat.c **** 	//Return the pin to the heartbeat
 453:_commonCode_localized/heartbeat/1.21/heartbeat.c **** //	setoutVar(heartBeatPin, heartPIN);
 454:_commonCode_localized/heartbeat/1.21/heartbeat.c **** 
 455:_commonCode_localized/heartbeat/1.21/heartbeat.c **** 	return pinState;
 456:_commonCode_localized/heartbeat/1.21/heartbeat.c **** }
 707               		.stabn	68,0,456,.LM82-.LFBB10
 708               	.LM82:
 709 01ec 8695      		lsr r24
 710 01ee 8170      		andi r24,1
 711               	/* epilogue start */
 712 01f0 0895      		ret
 713               		.size	heartPinInputPoll, .-heartPinInputPoll
 714               	.Lscope10:
 715               		.stabs	"",36,0,0,.Lscope10-.LFBB10
 716               		.stabd	78,0,0
 717               		.local	lastTime.1629
 718               		.comm	lastTime.1629,2,1
 719               		.stabs	"lastTime:V(9,1)",38,0,312,lastTime.1629
 720               		.local	lastToggleTime.1622
 721               		.comm	lastToggleTime.1622,2,1
 722               		.stabs	"lastToggleTime:V(9,1)",38,0,246,lastToggleTime.1622
 723               		.local	toggleCount.1623
 724               		.comm	toggleCount.1623,1,1
 725               		.stabs	"toggleCount:V(6,2)",38,0,254,toggleCount.1623
 726               		.local	highNibble.1624
 727               		.comm	highNibble.1624,1,1
 728               		.stabs	"highNibble:V(6,2)",38,0,259,highNibble.1624
 729               		.data
 730               		.type	direction.1613, @object
 731               		.size	direction.1613, 1
 732               	direction.1613:
 733 0000 01        		.byte	1
 734               		.stabs	"direction:V(6,1)",38,0,193,direction.1613
 735               	.global	heartBlink
 736               		.section .bss
 737               		.type	heartBlink, @object
 738               		.size	heartBlink, 1
GAS LISTING /tmp/ccgVHAhg.s 			page 31


 739               	heartBlink:
 740 0000 00        		.zero	1
 741               		.stabs	"heartBlink:G(6,2)",32,0,231,0
 742               		.comm	heartModulator,4,1
 743               		.stabs	"heartModulator:G(8,1)",32,0,28,0
 744               	.global	heartStepTime
 745               		.data
 746               		.type	heartStepTime, @object
 747               		.size	heartStepTime, 2
 748               	heartStepTime:
 749 0001 9C00      		.word	156
 750               		.stabs	"heartStepTime:G(6,4)",32,0,9,0
 751               		.text
 752               		.stabs	"",100,0,0,.Letext0
 753               	.Letext0:
 754               		.ident	"GCC: (GNU) 7.3.0"
 755               	.global __do_copy_data
 756               	.global __do_clear_bss
GAS LISTING /tmp/ccgVHAhg.s 			page 32


DEFINED SYMBOLS
                            *ABS*:0000000000000000 heartbeat.c
     /tmp/ccgVHAhg.s:2      *ABS*:000000000000003e __SP_H__
     /tmp/ccgVHAhg.s:3      *ABS*:000000000000003d __SP_L__
     /tmp/ccgVHAhg.s:4      *ABS*:000000000000003f __SREG__
     /tmp/ccgVHAhg.s:5      *ABS*:0000000000000000 __tmp_reg__
     /tmp/ccgVHAhg.s:6      *ABS*:0000000000000001 __zero_reg__
     /tmp/ccgVHAhg.s:119    .text:0000000000000000 setHeartRate
     /tmp/ccgVHAhg.s:748    .data:0000000000000001 heartStepTime
     /tmp/ccgVHAhg.s:156    .text:000000000000001a getHeartRate
     /tmp/ccgVHAhg.s:184    .text:000000000000002c heartClear
                            *COM*:0000000000000004 heartModulator
     /tmp/ccgVHAhg.s:206    .text:0000000000000034 init_heartBeat
     /tmp/ccgVHAhg.s:322    .text:0000000000000090 getNextDesired
     /tmp/ccgVHAhg.s:732    .data:0000000000000000 direction.1613
     /tmp/ccgVHAhg.s:393    .text:00000000000000c8 set_heartBlink
     /tmp/ccgVHAhg.s:739    .bss:0000000000000000 heartBlink
     /tmp/ccgVHAhg.s:417    .text:00000000000000ce blinkHeart
     /tmp/ccgVHAhg.s:724    .bss:0000000000000006 highNibble.1624
     /tmp/ccgVHAhg.s:721    .bss:0000000000000005 toggleCount.1623
     /tmp/ccgVHAhg.s:718    .bss:0000000000000003 lastToggleTime.1622
     /tmp/ccgVHAhg.s:556    .text:0000000000000176 heartUpdate
                             .bss:0000000000000001 lastTime.1629
     /tmp/ccgVHAhg.s:657    .text:00000000000001de heartupdate
     /tmp/ccgVHAhg.s:676    .text:00000000000001e0 heartPinInputPoll

UNDEFINED SYMBOLS
__divmodhi4
__udivmodhi4
hfm_setPower
hfm_setup
init_dmsTimer
dmsGetTime
hfm_nextOutput
__do_copy_data
__do_clear_bss
